name,date,leben,lengthleben,idn,iplace,ibio,url
"Krüger, Wilhelm",1898 - 1977,,0,1033928259,1,0,http://www.deutsche-biographie.de/pnd1033928259.html
"Kroymann, Georg",1739 - 1820,,0,1019740078,0,0,http://www.deutsche-biographie.de/pnd1019740078.html
"Krüger, Barbara",1944 - ,,0,11856708X,0,0,http://www.deutsche-biographie.de/pnd11856708X.html
"Krys, Jacobus",1673 - 1724,,0,121193063,0,0,http://www.deutsche-biographie.de/pnd121193063.html
"Krüger, Hans",1884 - 1933,,0,130013684,0,0,http://www.deutsche-biographie.de/pnd130013684.html
"Krüger, Hans",-,,0,129517305,0,0,http://www.deutsche-biographie.de/pnd129517305.html
"Kubis, Fritz",1905 - 1966,,0,1043027548,0,0,http://www.deutsche-biographie.de/pnd1043027548.html
"Kuehns, Kurt Eberhard",1868 - 1895,,0,1048539865,0,0,http://www.deutsche-biographie.de/pnd1048539865.html
"Krämer, Frauke",1969 - 1996,,0,1043024751,1,0,http://www.deutsche-biographie.de/pnd1043024751.html
"Kucher, Simone",1973 - ,,0,103869163X,0,0,http://www.deutsche-biographie.de/pnd103869163X.html
"Kuefstein, Jacob Ludwig von",1625-16451645,,0,1024208230,0,0,http://www.deutsche-biographie.de/pnd1024208230.html
,,,0,,0,0,http://www.deutsche-biographie.de/pnd119363682.html
"Krumbach, Walter",1917 - 1985,,0,10450482X,1,0,http://www.deutsche-biographie.de/pnd10450482X.html
"Krysmanski, Hans Jürgen",1935 - ,,0,105993875,0,0,http://www.deutsche-biographie.de/pnd105993875.html
"Krüger, Lore",1914 - 2009,,0,136832792,1,0,http://www.deutsche-biographie.de/pnd136832792.html
"Krüger-Nieland, Gerda",1910 - 2000,,0,1012717259,1,0,http://www.deutsche-biographie.de/pnd1012717259.html
"Kubelka, Irene",1933 - 1989-2001,,0,1043026924,0,0,http://www.deutsche-biographie.de/pnd1043026924.html
"Kruis, Konrad",1930 - ,,0,126867003,1,0,http://www.deutsche-biographie.de/pnd126867003.html
"Kubizek, August",1888 - 1956,,0,118567373,0,0,http://www.deutsche-biographie.de/pnd118567373.html
"Krug, Karl A.",1934 - ,,0,124023681,0,0,http://www.deutsche-biographie.de/pnd124023681.html
"Kruspe, Eduard",1904-1910[19./20. Jh.],,0,1034261320,1,0,http://www.deutsche-biographie.de/pnd1034261320.html
"Krotz, Werner",1941 - ,,0,133629392,1,0,http://www.deutsche-biographie.de/pnd133629392.html
,,,0,,0,0,http://www.deutsche-biographie.de/pnd170281469.html
"Krämer, Wolfgang Baptist",1723 - 1809,,0,116355581,0,0,http://www.deutsche-biographie.de/pnd116355581.html
"Kubiczek, André",1969 - ,,0,123801966,1,0,http://www.deutsche-biographie.de/pnd123801966.html
"Krüger-Westend, Hermann",1882 - ,,0,116565578,0,0,http://www.deutsche-biographie.de/pnd116565578.html
"Kugler, Johann Georg",1894,,0,101312264X,1,0,http://www.deutsche-biographie.de/pnd101312264X.html
"Krüger, Simon Jodocus",1652 - 1712,,0,129982083,1,0,http://www.deutsche-biographie.de/pnd129982083.html
"Kuhlbrodt, Detlef",1961 - ,,0,134019504,1,0,http://www.deutsche-biographie.de/pnd134019504.html
"Kuhn, Charles Louis",1965,,0,127379517,0,0,http://www.deutsche-biographie.de/pnd127379517.html
"Kuhlemann, Christian",1891 - 1964,,0,103163438X,0,0,http://www.deutsche-biographie.de/pnd103163438X.html
"Kronfeld, Klaus",1934 - ,,0,1042173273,0,0,http://www.deutsche-biographie.de/pnd1042173273.html
"Krämer, Peter",1823 - 1907,,0,116355174,0,0,http://www.deutsche-biographie.de/pnd116355174.html
"Kugler, Emil",1868 - 1941,,0,102770468,0,0,http://www.deutsche-biographie.de/pnd102770468.html
"Kudu, Reet",1949 - ,,0,132774011,0,0,http://www.deutsche-biographie.de/pnd132774011.html
"Krueger, Waldemar",1949 - ,,0,1038044928,0,0,http://www.deutsche-biographie.de/pnd1038044928.html
"Krusche, Dietrich",1935 - ,,0,121701131,1,0,http://www.deutsche-biographie.de/pnd121701131.html
"Kröhnke, Alfred",1912 - ,,0,1042168350,0,0,http://www.deutsche-biographie.de/pnd1042168350.html
"Krättli, Anton",1922 - 2010,,0,116355808,0,0,http://www.deutsche-biographie.de/pnd116355808.html
"Krämer, Gregor",1771 - 1835,,0,128374144,1,0,http://www.deutsche-biographie.de/pnd128374144.html
"Krumbein, Werner",1917 - 1996,,0,139746145,1,0,http://www.deutsche-biographie.de/pnd139746145.html
"Krätzschmar, Wilfried",1944 - ,,0,124412580,0,0,http://www.deutsche-biographie.de/pnd124412580.html
"Krüger, Walter",1932 - ,,0,12225001X,0,0,http://www.deutsche-biographie.de/pnd12225001X.html
"Kufner, Stephanie",1956 - ,,0,1020678941,0,0,http://www.deutsche-biographie.de/pnd1020678941.html
"Kuhlmey, Joh. Fried.",1787 - 1869,,0,134144821,1,0,http://www.deutsche-biographie.de/pnd134144821.html
"Kuhfuß, Günter",1926 - 2002,,0,113160011,1,0,http://www.deutsche-biographie.de/pnd113160011.html
"Kubitzke, Mark",1960 - ,,0,142492493,0,0,http://www.deutsche-biographie.de/pnd142492493.html
"Kuhn, Doris",1962 - ,,0,121938484,0,0,http://www.deutsche-biographie.de/pnd121938484.html
"Kudernatsch, André",1970 - ,,0,118048201,0,0,http://www.deutsche-biographie.de/pnd118048201.html
"Kruse, Harald",1945 - ,,0,104302199X,1,0,http://www.deutsche-biographie.de/pnd104302199X.html
,,,0,,0,0,http://www.deutsche-biographie.de/pnd121487415.html
"Kronfuss, Johannes",1872 - 1944,,0,124081541,0,0,http://www.deutsche-biographie.de/pnd124081541.html
"Krumhaar, Ilse",1945,,0,125307950,0,0,http://www.deutsche-biographie.de/pnd125307950.html
"Kuchler, Wilhelm",1984[20. Jh.],,0,1043944230,1,0,http://www.deutsche-biographie.de/pnd1043944230.html
"Krása, Hans",1899 - 1944,,0,119107821,1,0,http://www.deutsche-biographie.de/pnd119107821.html
"Kruse, Joachim",1929 - ,,0,12298238X,0,0,http://www.deutsche-biographie.de/pnd12298238X.html
"Krüger, Mike",1951 - ,,0,134435443,1,0,http://www.deutsche-biographie.de/pnd134435443.html
"Kubin, Ernst",1926 - 1995,,0,140089217,1,0,http://www.deutsche-biographie.de/pnd140089217.html
"Kräutter, Nikolaus",1702 - 1793,,0,1012280918,1,0,http://www.deutsche-biographie.de/pnd1012280918.html
,,,0,,0,0,http://www.deutsche-biographie.de/pnd131729497.html
"Krüger, Martin",1683-1684,,0,12429894X,0,0,http://www.deutsche-biographie.de/pnd12429894X.html
"Krumme, Peter",1942 - 2009,,0,1038088534,1,0,http://www.deutsche-biographie.de/pnd1038088534.html
"Krüger, Matthäus",1601-1630[16. / 17. Jh],,0,103399829X,1,0,http://www.deutsche-biographie.de/pnd103399829X.html
,,,0,,0,0,http://www.deutsche-biographie.de/pnd142926965.html
,,,0,,0,0,http://www.deutsche-biographie.de/pnd121544257.html
"Krusche, Anne C.",1948 - ,,0,12410360X,0,0,http://www.deutsche-biographie.de/pnd12410360X.html
"Kubsch, Hermann Werner",1911 - 1983,,0,118724940,1,0,http://www.deutsche-biographie.de/pnd118724940.html
"Krummacher, Angelika",1941 - 1964,,0,1043019731,0,0,http://www.deutsche-biographie.de/pnd1043019731.html
,,,0,,0,0,http://www.deutsche-biographie.de/pnd123274974.html
"Kröger, Alexander",1934 - ,,0,119332221,0,0,http://www.deutsche-biographie.de/pnd119332221.html
"Krämer, Waldemar",1932 - ,,0,140968067,1,0,http://www.deutsche-biographie.de/pnd140968067.html
"Krüger, Hans",1884 - 1945,,0,133544176,1,0,http://www.deutsche-biographie.de/pnd133544176.html
"Kroon, Willem",1724-1762[18. Jh.],,0,1034231464,1,0,http://www.deutsche-biographie.de/pnd1034231464.html
"Krüger, Johann Conrad",1733 - 1791,,0,120158388,1,0,http://www.deutsche-biographie.de/pnd120158388.html
"Krydl, Hans Michael",1963 - ,,0,1048541088,1,0,http://www.deutsche-biographie.de/pnd1048541088.html
"Kronfeld, Robert",1904 - 1948,,0,118724630,0,0,http://www.deutsche-biographie.de/pnd118724630.html
"Kuhlemann, Johannes Theodor",1891 - 1939,,0,189483385,1,0,http://www.deutsche-biographie.de/pnd135145406.html
"Kruhm, August",1892 - 1952,,0,1032523220,0,0,http://www.deutsche-biographie.de/pnd1032523220.html
"Kropf, Samuel",1813-1835,,0,1043005196,1,0,http://www.deutsche-biographie.de/pnd1043005196.html
"Kuefstein, Jakob Ludwig von",[17. Jh],,0,1034053485,0,0,http://www.deutsche-biographie.de/pnd1034053485.html
"Krämer, Wolfgang",1952 - 1997,,0,121072967,0,0,http://www.deutsche-biographie.de/pnd121072967.html
"Krögen, Karl Heinrich",1788,,0,139315217,1,0,http://www.deutsche-biographie.de/pnd139315217.html
"Kuhn, Fritz",1955 - ,,0,125009267,1,0,http://www.deutsche-biographie.de/pnd125009267.html
"Kubin, Wolfgang",1945 - ,,0,121133818,1,0,http://www.deutsche-biographie.de/pnd121133818.html
"Krück von Poturzyn, Maria J.",1896 - ,,0,102012121,0,0,http://www.deutsche-biographie.de/pnd102012121.html
"Kruse, Siegfried",1934 - ,,0,115763252,0,0,http://www.deutsche-biographie.de/pnd115763252.html
"Kronreif, Peter",1950 - ,,0,1035309882,1,0,http://www.deutsche-biographie.de/pnd1035309882.html
"Krüppel, Heinrich",1814-1832[18./19. Jh.],,0,1044047917,1,0,http://www.deutsche-biographie.de/pnd1044047917.html
"Krummer-Schroth, Ingeborg",1911 - 1998,,0,126728356,1,0,http://www.deutsche-biographie.de/pnd126728356.html
"Kubald, Rüdiger",1968 - 1994,,0,1043026533,1,0,http://www.deutsche-biographie.de/pnd1043026533.html
"Krosigk, Ludolf Lorenz von",1673,,0,103124098,0,0,http://www.deutsche-biographie.de/pnd103124098.html
"Kubierschky, Erich",1854 - 1944,,0,119166224,0,0,http://www.deutsche-biographie.de/pnd119166224.html
"Kuffer, Johann Heinrich",-,,0,1019738561,0,0,http://www.deutsche-biographie.de/pnd1019738561.html
"Kruse, Jürgen Elert",1709 - 1775,,0,128544651,0,0,http://www.deutsche-biographie.de/pnd128544651.html
"Kuczok, Wojciech",1972 - ,,0,131451022,1,0,http://www.deutsche-biographie.de/pnd131451022.html
"Kross, Jürgen",1937 - ,,0,115480285,1,0,http://www.deutsche-biographie.de/pnd115480285.html
"Krúdy, Gyula",1878 - 1933,,0,11940351X,0,0,http://www.deutsche-biographie.de/pnd11940351X.html
"Kuefstein, Johann Wilhelm von",1604 - 1637,,0,1032022094,1,0,http://www.deutsche-biographie.de/pnd1032022094.html
"Krtschil, Henry",1932 - ,,0,134586158,1,0,http://www.deutsche-biographie.de/pnd134586158.html
"Kues, Hermann",1949 - ,,0,109376315,0,0,http://www.deutsche-biographie.de/pnd109376315.html
"Kuehn, Ellen",1960 - 1984,,0,1043030689,0,0,http://www.deutsche-biographie.de/pnd1043030689.html
"Kugelmeier, Frank Ulrich",1957 - 1983,,0,1043035494,0,0,http://www.deutsche-biographie.de/pnd1043035494.html
"Krumwiede, Hans-Walter",1921 - ,,0,11907012X,0,0,http://www.deutsche-biographie.de/pnd11907012X.html
"Krüger, Hans",1889 - ,,0,1047619466,0,0,http://www.deutsche-biographie.de/pnd1047619466.html
"Kühn, Christian",1672 - 1719,,0,128554827,1,0,http://www.deutsche-biographie.de/pnd1015962882.html
"Krupp, Michael",1966 - ,,0,123886171,0,0,http://www.deutsche-biographie.de/pnd123886171.html
"Kuhn, Hans",1899 - 1988,,0,116611715,0,0,http://www.deutsche-biographie.de/pnd116611715.html
"Krüger, Thomas",1962 - ,,0,124727557,1,0,http://www.deutsche-biographie.de/pnd124727557.html
"Kuhn, Fritz",1918 - ,,0,132772876,0,0,http://www.deutsche-biographie.de/pnd132772876.html
"Krzywicka, Irena",1904 - 1994,,0,119343533,0,0,http://www.deutsche-biographie.de/pnd119343533.html
"Kröpfl, Heinz",1968 - ,,0,122880749,0,0,http://www.deutsche-biographie.de/pnd122880749.html
"Krylenko, Nikolaj V.",1885 - 1938,,0,121672026,0,0,http://www.deutsche-biographie.de/pnd121672026.html
"Kuhlmann, Wilhelm von",1879 - 1937,,0,133544257,0,0,http://www.deutsche-biographie.de/pnd133544257.html
"Kugel, Marco",1979 - ,,0,1043035397,0,0,http://www.deutsche-biographie.de/pnd1043035397.html
"Krupp, ...",1979[20. Jh.],,0,104404800X,0,0,http://www.deutsche-biographie.de/pnd104404800X.html
"Kuczynski, Thomas",1944 - ,,0,122262786,0,0,http://www.deutsche-biographie.de/pnd122262786.html
"Kuhlmann, Werner",1921 - 1992,,0,137655053,1,0,http://www.deutsche-biographie.de/pnd137655053.html
"Kroupi, Evangelia",1961 - ,,0,1049305868,0,0,http://www.deutsche-biographie.de/pnd1049305868.html
"Krüchten, Josef",1765 - 1846,,0,1043005455,1,0,http://www.deutsche-biographie.de/pnd1043005455.html
"Krowinn, Horst Walter",1953 - ,,0,1047380528,0,0,http://www.deutsche-biographie.de/pnd1047380528.html
"Krossa, Ellinor",1873 - ,,0,1048652858,1,0,http://www.deutsche-biographie.de/pnd1048652858.html
"Kuckhoff, Josef",1878 - 1944,,0,116577002,0,0,http://www.deutsche-biographie.de/pnd116577002.html
"Krüger, Andreas Ludwig",1743 - 1805,,0,120533421,1,0,http://www.deutsche-biographie.de/pnd120533421.html
"Kröner, Matthias",1977 - ,,0,132806274,1,0,http://www.deutsche-biographie.de/pnd132806274.html
"Kucsko, Guido",1954 - ,,0,132417111,0,0,http://www.deutsche-biographie.de/pnd132417111.html
"Krøyer, Peder Severin",1851 - 1909,,0,118987534,0,0,http://www.deutsche-biographie.de/pnd118987534.html
"Kröger, Wolfgang",1947 - 2005,,0,174061595,0,0,http://www.deutsche-biographie.de/pnd174061595.html
"Kruse, Lauritz",1778 - 1839,,0,116575301,1,0,http://www.deutsche-biographie.de/pnd116575301.html
"Krzywon, Ernst Josef",1933 - ,,0,1035803305,1,0,http://www.deutsche-biographie.de/pnd1035803305.html
"Kuhn, Emil Adolf",1886 - 1952,,0,1041704720,0,0,http://www.deutsche-biographie.de/pnd1041704720.html
"Kuemmel, B. H.",1794[18. Jh.],,0,1049746465,0,0,http://www.deutsche-biographie.de/pnd1049746465.html
"Kruse, Ingeborg",1936 - ,,0,120543818,0,0,http://www.deutsche-biographie.de/pnd120543818.html
"Kroeh, Heinrich Richard",1841 bis 1941,,0,116568380,0,0,http://www.deutsche-biographie.de/pnd174233485.html
"Kubon, Georg",1925,,0,126732728,0,0,http://www.deutsche-biographie.de/pnd126732728.html
"Kuhls, Karl",1862 - 1930,,0,1049268830,1,0,http://www.deutsche-biographie.de/pnd1049268830.html
"Kruseman, Arie Cornelis",1818 - 1894,,0,119506386,0,0,http://www.deutsche-biographie.de/pnd119506386.html
"Kräutle, Karl August",1833 - 1912,,0,1012280896,1,0,http://www.deutsche-biographie.de/pnd1012280896.html
"Kuhn, Hans",1905 - 1991,,0,118567888,0,0,http://www.deutsche-biographie.de/pnd118567888.html
"Kruchen, Beate Maria",1948 - ,,0,128849592,0,0,http://www.deutsche-biographie.de/pnd128849592.html
"Kugli, Ana",1975 - ,,0,124804950,1,0,http://www.deutsche-biographie.de/pnd124804950.html
"Kucera, Ulrike A.",1958 - ,,0,120915723,0,0,http://www.deutsche-biographie.de/pnd120915723.html
"Krüger, Jonas Torsten",1967 - ,,0,123119928,1,0,http://www.deutsche-biographie.de/pnd123119928.html
"Krüger, Answald",1918 - 1977,,0,116559284,0,0,http://www.deutsche-biographie.de/pnd116559284.html
"Kuessner, Theodor",1896 - 1984,,0,12430527X,1,0,http://www.deutsche-biographie.de/pnd12430527X.html
"Broglie, Achille-Léon-Victor de",1785 - 1870,,0,116562463,0,0,http://www.deutsche-biographie.de/pnd116562463.html
"Brombach, Johann Jakob",1666,,0,142887811,1,0,http://www.deutsche-biographie.de/pnd142887811.html
"Brink, Jan ten",1771 - 1839,,0,141490411,1,0,http://www.deutsche-biographie.de/pnd141490411.html
"Broedler, Karl Friedrich Ferdinand",1781 - ,,0,1038384842,0,0,http://www.deutsche-biographie.de/pnd1038384842.html
"Brock, Sebastian",1980 - ,,0,13216678X,1,0,http://www.deutsche-biographie.de/pnd13216678X.html
,,,0,,0,0,http://www.deutsche-biographie.de/pnd133876918.html
"Brokoff, Jürgen",1968 - ,,0,12387212X,1,0,http://www.deutsche-biographie.de/pnd12387212X.html
"Breuhahn, Georg",1885 - 1934,,0,133562840,0,0,http://www.deutsche-biographie.de/pnd133562840.html
"Breuer, Arnold W.",1957 - ,,0,1037710002,0,0,http://www.deutsche-biographie.de/pnd1037710002.html
"Brezing, Erwin",1917 - ,,0,1038282497,1,0,http://www.deutsche-biographie.de/pnd1038282497.html
"Brodkey, Harold",1930 - 1996,,0,119373580,0,0,http://www.deutsche-biographie.de/pnd119373580.html
"Brodtmann, Joseph",1787 - 1862,,0,128575514,0,0,http://www.deutsche-biographie.de/pnd128575514.html
"Brings, Peter",1964 - ,,0,189465697,1,0,http://www.deutsche-biographie.de/pnd189465697.html
"Brodowski, Antoni",1784 - 1832,,0,118862022,1,0,http://www.deutsche-biographie.de/pnd118862022.html
"Brock, Paul",1900 - 1986,,0,1026349303,1,0,http://www.deutsche-biographie.de/pnd1026349303.html
"Breuer, Georg Karl Felix",1899 - 1969,,0,104969652,0,0,http://www.deutsche-biographie.de/pnd104969652.html
"Brocker, Hildegard",1920 - ,,0,1033786209,1,0,http://www.deutsche-biographie.de/pnd1033786209.html
"Brinitzer, Carl",1907 - ,,0,124447023,0,0,http://www.deutsche-biographie.de/pnd124447023.html
"Broger, Anne",1962 - ,,0,1038629071,0,0,http://www.deutsche-biographie.de/pnd1038629071.html
"Brentani, Mario von",1908 - 1982,,0,118896520,1,0,http://www.deutsche-biographie.de/pnd118896520.html
"Brentford, William Joynson-Hicks",1865 - 1932,,0,124539610,0,0,http://www.deutsche-biographie.de/pnd124539610.html
"Briçonnet, Guillaume",1472 - 1534,,0,119302330,0,0,http://www.deutsche-biographie.de/pnd119302330.html
"Brennwald, Salomon",1637 - 1706,,0,122811720,0,0,http://www.deutsche-biographie.de/pnd122811720.html
"Briot, Isaac",1585 - 1670,,0,128374357,0,0,http://www.deutsche-biographie.de/pnd128374357.html
"Brinks, Helmut W.",1932 - ,,0,121554732,1,0,http://www.deutsche-biographie.de/pnd121554732.html
"Brett, Harry",1842 - ,,0,1033763772,1,0,http://www.deutsche-biographie.de/pnd1033763772.html
"Breteuil, Achille Charles Stanislaus E... Le Tonnelier de",1781 - 1864,,0,117630977,0,0,http://www.deutsche-biographie.de/pnd117630977.html
"Breth, Andrea",1952 - ,,0,118921282,1,0,http://www.deutsche-biographie.de/pnd118921282.html
"Brog, William",1563 - 1635,,0,142945285,0,0,http://www.deutsche-biographie.de/pnd142945285.html
,,,0,,0,0,http://www.deutsche-biographie.de/pnd123897688.html
"Brianchon, Joseph-Henri-Jules",1880,,0,1041653956,1,0,http://www.deutsche-biographie.de/pnd1041653956.html
"Brockhaus, Paul",1879 - 1965,,0,116552816,1,0,http://www.deutsche-biographie.de/pnd116552816.html
"Brockdorff, Sophie von",1848 - 1906,,0,116551593,0,0,http://www.deutsche-biographie.de/pnd116551593.html
"Brix, Dorothee",1973 - ,,0,1036461912,1,0,http://www.deutsche-biographie.de/pnd1036461912.html
"Brischle, Emil",1884 - 1966,,0,1012390365,1,0,http://www.deutsche-biographie.de/pnd1012390365.html
"Brodowy, Matthias",1972 - ,,0,135356709,1,0,http://www.deutsche-biographie.de/pnd135356709.html
"Briffaut, Etienne",1730-1745,,0,136937608,1,0,http://www.deutsche-biographie.de/pnd136937608.html
,,,0,,0,0,http://www.deutsche-biographie.de/pnd119215535.html
"Breunig, Willi",1928 - ,,0,137331010,1,0,http://www.deutsche-biographie.de/pnd137331010.html
"Brody, Daniel",1883 - 1930-1968,,0,118674277,1,0,http://www.deutsche-biographie.de/pnd118674277.html
"Brockdorff, Susanne Elisabeth von",1691 - 1739,,0,132072572,1,0,http://www.deutsche-biographie.de/pnd132072572.html
"Breznik, Melitta",1961 - ,,0,115720634,0,0,http://www.deutsche-biographie.de/pnd115720634.html
"Broek, Hans van den",1936 - ,,0,131852744,0,0,http://www.deutsche-biographie.de/pnd131852744.html
"Breuer, W. Arnold",1957 - ,,0,1049179013,0,0,http://www.deutsche-biographie.de/pnd1049179013.html
"Breuer-Reinmöller, Lore",1912 - 1980,,0,11642821X,0,0,http://www.deutsche-biographie.de/pnd11642821X.html
"Brogny, Jean de",1342 - 1426,,0,142405140,1,0,http://www.deutsche-biographie.de/pnd142405140.html
"Brinke, Johann",1784 - 1864,,0,1034112686,1,0,http://www.deutsche-biographie.de/pnd1034112686.html
"Briens, Sylvain",1972 - ,,0,14132743X,0,0,http://www.deutsche-biographie.de/pnd14132743X.html
"Bringhurst, Robert",1946 - ,,0,113238568,0,0,http://www.deutsche-biographie.de/pnd113238568.html
"Brock-Sulzer, Elisabeth",1903 - 1981,,0,11652667X,0,0,http://www.deutsche-biographie.de/pnd11652667X.html
"Breznay, Aranka",1938 - ,,0,109083415,0,0,http://www.deutsche-biographie.de/pnd109083415.html
"Brodský, Vlastimil",1920 - 2002,,0,119452073,0,0,http://www.deutsche-biographie.de/pnd119452073.html
"Brock-Waibl, Karin",1962 - ,,0,1043711368,1,0,http://www.deutsche-biographie.de/pnd1043711368.html
"Bridgman, Percy W.",1882 - 1961,,0,119008513,0,0,http://www.deutsche-biographie.de/pnd119008513.html
"Brennicke, Nadeshda",1973 - ,,0,141814586,0,0,http://www.deutsche-biographie.de/pnd141814586.html
"Broemel, Franz",1829 - 1904,,0,1021378798,1,0,http://www.deutsche-biographie.de/pnd1021378798.html
"Breton, Jules",1827 - 1906,,0,118659995,0,0,http://www.deutsche-biographie.de/pnd118659995.html
"Bristow, Edmund",1787 - 1876,,0,1037145488,0,0,http://www.deutsche-biographie.de/pnd1037145488.html
"Brincard, Georges de",1871 - 1953,,0,133298833,0,0,http://www.deutsche-biographie.de/pnd133298833.html
"Brinckmann, G.",1876[19. Jh.],,0,1038347653,1,0,http://www.deutsche-biographie.de/pnd1038347653.html
"Britten, Benjamin",1913 - 1976,,0,118515527,1,0,http://www.deutsche-biographie.de/pnd118515527.html
"Brogi, Giacomo",1822 - 1881,,0,124858678,1,0,http://www.deutsche-biographie.de/pnd124858678.html
"Breuer, Siegfried",1906 - 1954,,0,116493488,1,0,http://www.deutsche-biographie.de/pnd116493488.html
"Brodsky, Joseph",1940 - 1996,,0,118660136,1,0,http://www.deutsche-biographie.de/pnd118660136.html
"Breu, Johannes",1971 - ,,0,122831233,0,0,http://www.deutsche-biographie.de/pnd122831233.html
,,,0,,0,0,http://www.deutsche-biographie.de/pnd12943857X.html
"Brockmann, Hans",1903 - 1988,,0,101980467X,1,0,http://www.deutsche-biographie.de/pnd101980467X.html
"Brennwald, Felix",1441 - 1492,,0,143206613,0,0,http://www.deutsche-biographie.de/pnd143206613.html
"Brennwald, Alfred",1856 - 1896,,0,1033725609,1,0,http://www.deutsche-biographie.de/pnd1033725609.html
"Brigido, Michael von",1742 - 1816,,0,1028327943,1,0,http://www.deutsche-biographie.de/pnd1028327943.html
"Brioschi, Carlo",1826 - 1895,,0,139882537,1,0,http://www.deutsche-biographie.de/pnd139882537.html
"Bridgewater, Francis Egerton of",1736 - 1803,,0,1034284622,1,0,http://www.deutsche-biographie.de/pnd1034284622.html
"Britz, Gabriele",1968 - ,,0,122635310,0,0,http://www.deutsche-biographie.de/pnd122635310.html
"Britton, John",1771 - 1857,,0,117631965,1,0,http://www.deutsche-biographie.de/pnd117631965.html
"Brodmann-Menkes, Aliana",1949 - ,,0,108424553,1,0,http://www.deutsche-biographie.de/pnd108424553.html
"Brock, Erich",1889 - 1976,,0,116526297,1,0,http://www.deutsche-biographie.de/pnd116526297.html
Brizard,1721 - 1791,,0,142990272,1,0,http://www.deutsche-biographie.de/pnd142990272.html
"Breuning, Stephan von",1774 - 1827,,0,1019498358,1,0,http://www.deutsche-biographie.de/pnd1019498358.html
"Brie, André",1950 - ,,0,119352389,0,0,http://www.deutsche-biographie.de/pnd119352389.html
"Brodbeck, Adolf",1853 - 1930,,0,116554428,0,0,http://www.deutsche-biographie.de/pnd116554428.html
"Brentano di Tremezzo, Otto von",1855 - 1927,,0,117630853,0,0,http://www.deutsche-biographie.de/pnd117630853.html
"Bringmann, Astrid",1961 - ,,0,1033776726,0,0,http://www.deutsche-biographie.de/pnd1033776726.html
"Brigel, Matthäus",1600 - ,,0,1019725494,0,0,http://www.deutsche-biographie.de/pnd1019725494.html
"Brinkbäumer, Klaus",1967 - ,,0,11444093X,0,0,http://www.deutsche-biographie.de/pnd11444093X.html
"Breunlin, Heinrike",1772 - 1850,,0,119359294,1,0,http://www.deutsche-biographie.de/pnd119359294.html
"Broel, Georg",1884 - 1940,,0,11883195X,0,0,http://www.deutsche-biographie.de/pnd11883195X.html
"Brockmann, Ludwig",1847 - ,,0,1034662244,0,0,http://www.deutsche-biographie.de/pnd1034662244.html
"Breymayer, Reinhard",1944 - ,,0,121876225,0,0,http://www.deutsche-biographie.de/pnd121876225.html
"Brockdorff, Detlev von",1642 - 1732,,0,104143134,0,0,http://www.deutsche-biographie.de/pnd104143134.html
"Brinck, Christian Philipp von",1638 - 1709,,0,129197696,1,0,http://www.deutsche-biographie.de/pnd129197696.html
"Brinckman, Elise",1821 - 1904,,0,116518812,0,0,http://www.deutsche-biographie.de/pnd116518812.html
"Brocker, Josef",1892 - 1977,,0,1036462633,0,0,http://www.deutsche-biographie.de/pnd1036462633.html
"Brinkmann, Ludwig",1880 - ,,0,1023824000,0,0,http://www.deutsche-biographie.de/pnd1023824000.html
"Brietzke, Dirk",1964 - ,,0,121234541,1,0,http://www.deutsche-biographie.de/pnd121234541.html
"Breunig, Lorenz",1882 - 1945,,0,126233233,0,0,http://www.deutsche-biographie.de/pnd126233233.html
"Brociner, Marco",1852 - 1942,,0,11652622X,1,0,http://www.deutsche-biographie.de/pnd11652622X.html
Brescianino,[ca. 1485-1525],,0,122050975,0,0,http://www.deutsche-biographie.de/pnd122050975.html
"Brey, Henriette",1875 - 1953,,0,119199343,0,0,http://www.deutsche-biographie.de/pnd119199343.html
"Brock, Peter",1966 - ,,0,1036462110,1,0,http://www.deutsche-biographie.de/pnd1036462110.html
"Broermann, Johannes",1897 - 1984,,0,118515675,0,0,http://www.deutsche-biographie.de/pnd118515675.html
"Brisebarre, Jean",[gest. ca. 1339],,0,102422915,0,0,http://www.deutsche-biographie.de/pnd102422915.html
"Brinkmann, Johann Joachim",1750 - 1825,,0,115756736,1,0,http://www.deutsche-biographie.de/pnd12177385X.html
"Brisacier, Guillaume de",1607 - 1675,,0,1014513413,0,0,http://www.deutsche-biographie.de/pnd1014513413.html
"Brochowska, Pauline von",1794 - 1853,,0,116526173,1,0,http://www.deutsche-biographie.de/pnd116526173.html
"Brentzel, Marianne",1943 - ,,0,11553301X,0,0,http://www.deutsche-biographie.de/pnd11553301X.html
,,,0,,0,0,http://www.deutsche-biographie.de/pnd108763862.html
"Breuner, Maximilian von",1622,,0,116493577,0,0,http://www.deutsche-biographie.de/pnd116493577.html
"Broch de Rothermann, Hermann F.",1910 - 1994,,0,116525703,1,0,http://www.deutsche-biographie.de/pnd116525703.html
"Bresciani-Turroni, Costantino",1882 - 1963,,0,118673890,0,0,http://www.deutsche-biographie.de/pnd118673890.html
,,,0,,0,0,http://www.deutsche-biographie.de/pnd1012032450.html
"Brieux, Eugène",1858 - 1932,,0,119534673,0,0,http://www.deutsche-biographie.de/pnd119534673.html
"Bretschneider, Daniel <der Ältere>",[ca.1550-nach 1625],,0,120424266,0,0,http://www.deutsche-biographie.de/pnd120424266.html
"Brinkmann, Manfred",1948 - ,,0,1033778575,0,0,http://www.deutsche-biographie.de/pnd1033778575.html
"Britting, Walter",1910,,0,116523352,0,0,http://www.deutsche-biographie.de/pnd116523352.html
"Bretagne, Pierre de",1733,,0,100431887,1,0,http://www.deutsche-biographie.de/pnd100431887.html
Brigitta <Sangspruchdichterin>,[15. Jh.],,0,102565295,0,0,http://www.deutsche-biographie.de/pnd102565295.html
"Breyther, August Ernst",1804 - 1862,,0,1033769355,0,0,http://www.deutsche-biographie.de/pnd1033769355.html
,,,0,,0,0,http://www.deutsche-biographie.de/pnd142592846.html
"Bresci, Gaetano",1869 - 1901,,0,118857126,0,0,http://www.deutsche-biographie.de/pnd118857126.html
"Breslauer, Samuel",1870 - 1942,,0,13360053X,0,0,http://www.deutsche-biographie.de/pnd13360053X.html
"Bresnitz, Marcus",1814-1820,,0,1033020419,0,0,http://www.deutsche-biographie.de/pnd1033020419.html
"Breuer, Hans-Peter",1939 - ,,0,1033766259,0,0,http://www.deutsche-biographie.de/pnd1033766259.html
"Broadwood, John",1732 - 1812,,0,132580454,0,0,http://www.deutsche-biographie.de/pnd132580454.html
"Broglie, François Marie de",1671 - 1745,,0,116562587,0,0,http://www.deutsche-biographie.de/pnd116562587.html
"Breuer, Thomas C.",1952 - ,,0,122633989,1,0,http://www.deutsche-biographie.de/pnd122633989.html
"Brinkmann, Bernhard",1627 - 1709,,0,132511290,1,0,http://www.deutsche-biographie.de/pnd132511290.html
"Breyer, Niklas",1961 - ,,0,1033769037,0,0,http://www.deutsche-biographie.de/pnd1033769037.html
,,,0,,0,0,http://www.deutsche-biographie.de/pnd121060853.html
"Broesel, Baltus",1820 - ,,0,1033788120,0,0,http://www.deutsche-biographie.de/pnd1033788120.html
"Brockdorff, Gertrud von",1893 - 1961,,0,116526882,1,0,http://www.deutsche-biographie.de/pnd116526882.html
"Brockamp, Bernhard",1902 - 1962,,0,118674226,0,0,http://www.deutsche-biographie.de/pnd118674226.html
"Brežnev, Leonid Ilʹič",1906 - 1982,,0,118515136,0,0,http://www.deutsche-biographie.de/pnd118515136.html
"Brockmann, Jochen",1919 - 1990,,0,1019512547,0,0,http://www.deutsche-biographie.de/pnd1019512547.html
,,,0,,0,0,http://www.deutsche-biographie.de/pnd133770214.html
"Bridges, Jeff",1949 - ,,0,122432126,0,0,http://www.deutsche-biographie.de/pnd122432126.html
"Brigelius, Johannes",1647,,0,128502282,0,0,http://www.deutsche-biographie.de/pnd128502282.html
"Bresnan, Maura",1961 - ,,0,1036460363,1,0,http://www.deutsche-biographie.de/pnd1036460363.html
"Brieger, Lothar",1879 - 1949,,0,121649520,1,0,http://www.deutsche-biographie.de/pnd121649520.html
"Brockel, Wolfgang",1936 - ,,0,1033785962,0,0,http://www.deutsche-biographie.de/pnd1033785962.html
"Brice, Robert",1730 - 1805,,0,1019739789,0,0,http://www.deutsche-biographie.de/pnd1019739789.html
,,,0,,0,0,http://www.deutsche-biographie.de/pnd121520714.html
"Bretschneider, Kraft",1920 - 2000,,0,128671475,0,0,http://www.deutsche-biographie.de/pnd128671475.html
"Broe͏̈t, Paschasius",1500 - 1562,,0,11946537X,0,0,http://www.deutsche-biographie.de/pnd11946537X.html
,,,0,,0,0,http://www.deutsche-biographie.de/pnd121809951.html
"Brie, Horst",1923 - ,,0,115224297,0,0,http://www.deutsche-biographie.de/pnd115224297.html
"Brocksieper, Heinrich",1898 - 1968,,0,120898799,0,0,http://www.deutsche-biographie.de/pnd120898799.html
"Briois de Beaumez, Bon-Albert",1759 - 1809,,0,123638534,0,0,http://www.deutsche-biographie.de/pnd123638534.html
"Brett, John",1831 - 1902,,0,117631051,0,0,http://www.deutsche-biographie.de/pnd117631051.html
"Breslauer, Alfred",1866 - 1954,,0,117630934,1,0,http://www.deutsche-biographie.de/pnd117630934.html
"Briçonnet, Guillaume <Kardinal, circa 1445-1514>",1445 - 1514,,0,132863200,1,0,http://www.deutsche-biographie.de/pnd132863200.html
,,,0,,0,0,http://www.deutsche-biographie.de/pnd118515144.html
Broder,-,,0,1014493323,0,0,http://www.deutsche-biographie.de/pnd1014493323.html
"Broad, Pery",1921 - 1993,,0,119270358,1,0,http://www.deutsche-biographie.de/pnd119270358.html
"Bridel, Jean Louis",1759 - 1821,,0,101064101,0,0,http://www.deutsche-biographie.de/pnd101064101.html
"Brochard, Eva",1752 - ,,0,129461253,1,0,http://www.deutsche-biographie.de/pnd129461253.html
"Brink, Elisabeth",1958 - ,,0,130576034,0,0,http://www.deutsche-biographie.de/pnd130576034.html
"Brentano, Josephus Augustinus",1754 - 1821,,0,122004655,0,0,http://www.deutsche-biographie.de/pnd122004655.html
"Breuner, Seyfried Leonhard von",1596 - 1666,,0,142394440,1,0,http://www.deutsche-biographie.de/pnd142394440.html
"Britsch, Walter",1908 - 1982,,0,126234833,0,0,http://www.deutsche-biographie.de/pnd126234833.html
"Brighty, G. M.",1809-1827,,0,132912104,1,0,http://www.deutsche-biographie.de/pnd132912104.html
,,,0,,0,0,http://www.deutsche-biographie.de/pnd122529286.html
"Brentano, Fritz",1840 - 1914,,0,117666599,0,0,http://www.deutsche-biographie.de/pnd117666599.html
"Brinzing, Carsten",1973 - ,,0,1036461297,1,0,http://www.deutsche-biographie.de/pnd1036461297.html
"Brodehser-Siegrist, N. Urs",1939 - ,,0,1034069543,0,0,http://www.deutsche-biographie.de/pnd1034069543.html
"Breteuil, François Victor LeTonnelier de",1686 - 1743,,0,116507128,0,0,http://www.deutsche-biographie.de/pnd116507128.html
"Brinkmann, Johann Joachim",1750 - 1825,,0,115756736,1,0,http://www.deutsche-biographie.de/pnd115756736.html
"Brinkmann, Hennig",1901 - 2000,,0,118515454,0,0,http://www.deutsche-biographie.de/pnd118515454.html
"Brignole Sale, Anton Giulio",1605 - 1662,,0,118966936,0,0,http://www.deutsche-biographie.de/pnd118966936.html
"Broido, Vera",1907 - 2004,,0,123367913,0,0,http://www.deutsche-biographie.de/pnd123367913.html
"Breuer, Rolf-Ernst",1937 - ,,0,10691328X,1,0,http://www.deutsche-biographie.de/pnd10691328X.html
"Brizzi, Francesco",1574 - 1623,,0,118895931,0,0,http://www.deutsche-biographie.de/pnd118895931.html
,,,0,,0,0,http://www.deutsche-biographie.de/pnd119449412.html
"Brill, Hubert",1931 - ,,0,1033773565,0,0,http://www.deutsche-biographie.de/pnd1033773565.html
"Broeckhoven, Diane",1946 - ,,0,115521321,1,0,http://www.deutsche-biographie.de/pnd115521321.html
"Brock, Rudolf",1916 - 1982,,0,13009983X,1,0,http://www.deutsche-biographie.de/pnd13009983X.html
"Breusing, Karl",1853 - ,,0,133298817,0,0,http://www.deutsche-biographie.de/pnd133298817.html
,,,0,,0,0,http://www.deutsche-biographie.de/pnd174302193.html
"Briaumont, Johann Paul",[1636-1646],,0,14240425X,1,0,http://www.deutsche-biographie.de/pnd14240425X.html
"Brock, Bazon",1936 - ,,0,11851556X,0,0,http://www.deutsche-biographie.de/pnd11851556X.html
"Briod, Blaise",1896 - 1981,,0,116521473,0,0,http://www.deutsche-biographie.de/pnd116521473.html
"Bresch, Carsten",1921 - ,,0,129591440,0,0,http://www.deutsche-biographie.de/pnd129591440.html
"Brokerhoff, Karl Heinz",1922 - ,,0,120440296,1,0,http://www.deutsche-biographie.de/pnd120440296.html
"Brickwell, Ditha",1941 - ,,0,124902863,1,0,http://www.deutsche-biographie.de/pnd124902863.html
"Brisseau de Mirbel, Charles François",1776 - 1854,,0,100057845,0,0,http://www.deutsche-biographie.de/pnd100057845.html
"Breuning, Johann Albrecht",1703 - 1730,,0,123104203,0,0,http://www.deutsche-biographie.de/pnd123104203.html
"Breuls, Jakob",1773,,0,120948494,0,0,http://www.deutsche-biographie.de/pnd120948494.html
"Brohm, Sacha",1975 - ,,0,1026075939,1,0,http://www.deutsche-biographie.de/pnd1026075939.html
"Brisigello, Giovanni Tommaso",1600 - 1652,,0,142991058,1,0,http://www.deutsche-biographie.de/pnd142991058.html
"Briesemann, Erdmann",1716,,0,142440213,0,0,http://www.deutsche-biographie.de/pnd142440213.html
"Broglie, Jean de",1921 - 1976,,0,123193168,0,0,http://www.deutsche-biographie.de/pnd123193168.html
"Brodskij, Savva G.",1923 - 1982,,0,1016656637,1,0,http://www.deutsche-biographie.de/pnd1016656637.html
"Brightman, Thomas",1562 - 1607,,0,128478101,1,0,http://www.deutsche-biographie.de/pnd128478101.html
"Brings, Rolly",1943 - ,,0,128383143,0,0,http://www.deutsche-biographie.de/pnd128383143.html
,,,0,,0,0,http://www.deutsche-biographie.de/pnd132489333.html
"Broes, Willem",1766 - 1858,,0,119223848,0,0,http://www.deutsche-biographie.de/pnd119223848.html
"Brežná, Irena",1950 - ,,0,130134317,1,0,http://www.deutsche-biographie.de/pnd130134317.html
,,,0,,0,0,http://www.deutsche-biographie.de/pnd102432694.html
"Brink, Michael",1914 - 1947,,0,116207078,0,0,http://www.deutsche-biographie.de/pnd116207078.html
"Brockhaus, Clemens Friedrich",1837 - 1877,,0,116552018,1,0,http://www.deutsche-biographie.de/pnd116552018.html
"Breschet, Gilbert",1784 - 1845,,0,11763090X,0,0,http://www.deutsche-biographie.de/pnd11763090X.html
"Breuner, Seyfried von",1538 - 1594,,0,142036056,1,0,http://www.deutsche-biographie.de/pnd142036056.html
"Briet, Artur Henri Christiaan",1867 - 1939,,0,1043022457,0,0,http://www.deutsche-biographie.de/pnd1043022457.html
"Briggs, William",1642 - 1704,,0,140399240,0,0,http://www.deutsche-biographie.de/pnd140399240.html
"Brissot de Warville, Jacques Pierre",1754 - 1793,,0,118946269,0,0,http://www.deutsche-biographie.de/pnd118946269.html
"Breyer, Ludwig Friedrich",1675 - 1746,,0,104170212,0,0,http://www.deutsche-biographie.de/pnd104170212.html
"Briegleb, Johann Christian",1741 - 1805,,0,116508167,1,0,http://www.deutsche-biographie.de/pnd116508167.html
,,,0,,0,0,http://www.deutsche-biographie.de/pnd143914219.html
"Brice, Pierre",1594 - 1594-1652,,0,142895962,0,0,http://www.deutsche-biographie.de/pnd142895962.html
,,,0,,0,0,http://www.deutsche-biographie.de/pnd123315352.html
"Breuner, Jakob von",1566 - 1606,,0,142945749,1,0,http://www.deutsche-biographie.de/pnd142945749.html
"Breunlen, Adolph",[1529],,0,142393177,0,0,http://www.deutsche-biographie.de/pnd142393177.html
"Brichet, Robert",ca. 2. H. 18. Jh.,,0,123016541,0,0,http://www.deutsche-biographie.de/pnd123016541.html
"Breuer, Ingeborg",1955 - ,,0,122703073,0,0,http://www.deutsche-biographie.de/pnd122703073.html
"Broglio, Emilio",1814 - 1892,,0,116567384,0,0,http://www.deutsche-biographie.de/pnd116567384.html
"Brice, Pierre",1929 - ,,0,122544943,0,0,http://www.deutsche-biographie.de/pnd122544943.html
"Breslach, Johann Karl",-,,0,1019736828,0,0,http://www.deutsche-biographie.de/pnd1019736828.html
"Brinkmann, Otto",1896 - ,,0,1014172985,0,0,http://www.deutsche-biographie.de/pnd1014172985.html
"Brink, Gerritsz. Jan ten",1785-1819[18./19. Jh.],,0,1038382548,1,0,http://www.deutsche-biographie.de/pnd1038382548.html
"Breuel, Klaus",1923 - ,,0,1033765015,0,0,http://www.deutsche-biographie.de/pnd1033765015.html
"Brie, Michael",1954 - ,,0,10974473X,0,0,http://www.deutsche-biographie.de/pnd10974473X.html
,,,0,,0,0,http://www.deutsche-biographie.de/pnd120150743.html
Brigitta <Hirschvogel>,1410 - 1410-1435,,0,1013839897,1,0,http://www.deutsche-biographie.de/pnd1013839897.html
"Bresser, Klaus",1936 - ,,0,120089610,0,0,http://www.deutsche-biographie.de/pnd120089610.html
"Broe͏̈, Bonus de",1523 - 1588,,0,1036665038,0,0,http://www.deutsche-biographie.de/pnd1036665038.html
"Breuer, Ludwig Maximilian",1985 - ,,0,1036460541,1,0,http://www.deutsche-biographie.de/pnd1036460541.html
"Breyer, J.",1848-1850[19. Jh.],,0,1038481635,1,0,http://www.deutsche-biographie.de/pnd1038481635.html
"Broekhuizen, Johan van",1649 - 1707,,0,100433030,0,0,http://www.deutsche-biographie.de/pnd100433030.html
"Breuer, Rolf",1940 - ,,0,130395102,1,0,http://www.deutsche-biographie.de/pnd130395102.html
"Brera, Valeriano Luigi",1772 - 1840,,0,117630888,0,0,http://www.deutsche-biographie.de/pnd117630888.html
"Broll, Gerhard",1912 - ,,0,14366008X,0,0,http://www.deutsche-biographie.de/pnd14366008X.html
,,,0,,0,0,http://www.deutsche-biographie.de/pnd130172553.html
"Brinckmann-Schröder, Hilde",1936-1938,,0,116519053,0,0,http://www.deutsche-biographie.de/pnd116519053.html
Brocardus <a Sancto Nicolao>,-,,0,174132611,0,0,http://www.deutsche-biographie.de/pnd174132611.html
"Brodhäcker, Karl",1919 - 2013,,0,116554916,1,0,http://www.deutsche-biographie.de/pnd116554916.html
"Brinkmann, Martin",1976 - ,,0,122736966,0,0,http://www.deutsche-biographie.de/pnd122736966.html
"Bretfeld-Chlumczansky, Franz Joseph von",1777 - 1839,,0,121457591,1,0,http://www.deutsche-biographie.de/pnd121457591.html
"Britt, Claudia",1966 - ,,0,1033570621,0,0,http://www.deutsche-biographie.de/pnd1033570621.html
"Brindley, James",1716 - 1772,,0,117631345,0,0,http://www.deutsche-biographie.de/pnd117631345.html
"Brockhusen, Christian Wilhelm",1768 - 1842,,0,1033786489,1,0,http://www.deutsche-biographie.de/pnd1033786489.html
"Breuer, Robert",1878 - 1943,,0,118673998,0,0,http://www.deutsche-biographie.de/pnd118673998.html
"Breyell, Heinrich",1450 - 1485,,0,11867403X,0,0,http://www.deutsche-biographie.de/pnd11867403X.html
"Brockmüller, Paul",1864 - ,,0,11655388X,1,0,http://www.deutsche-biographie.de/pnd11655388X.html
"Brockdorff-Noder, Frigga",1878 - 1954,,0,116551631,0,0,http://www.deutsche-biographie.de/pnd116551631.html
"Brombacher, Friedrich",1861 - 1908,,0,119386534,0,0,http://www.deutsche-biographie.de/pnd119386534.html
"Brewer, William Henry",1840-1886,,0,1033206172,1,0,http://www.deutsche-biographie.de/pnd1033206172.html
"Brixi, František Xaver",1732 - 1771,,0,123146518,1,0,http://www.deutsche-biographie.de/pnd123146518.html
"Breza, Tadeusz",1905 - 1970,,0,118515268,1,0,http://www.deutsche-biographie.de/pnd118515268.html
"Breuste, Hans-Jürgen",1933 - ,,0,118810774,0,0,http://www.deutsche-biographie.de/pnd118810774.html
"Breunig, Adam",1660 - 1727,,0,130334197,1,0,http://www.deutsche-biographie.de/pnd130334197.html
"Broeckmann, Andreas",1964 - ,,0,123263352,0,0,http://www.deutsche-biographie.de/pnd123263352.html
"Brisson, Pierre",1896 - 1964,,0,119042118,1,0,http://www.deutsche-biographie.de/pnd119042118.html
"Broder, Henryk M.",1946 - ,,0,115432051,1,0,http://www.deutsche-biographie.de/pnd115432051.html
"Brissant, Etienne",1735[18. Jh.],,0,1038382637,1,0,http://www.deutsche-biographie.de/pnd1038382637.html
"Brice, Andrew",1692 - 1773,,0,132488213,0,0,http://www.deutsche-biographie.de/pnd132488213.html
"Brockmeier, Wolfram",1903 - 1945,,0,116553863,1,0,http://www.deutsche-biographie.de/pnd116553863.html
"Brieger, Adolf",1832 - 1912,,0,116508035,0,0,http://www.deutsche-biographie.de/pnd116508035.html
"Brodnitz, Hanns",1902 - 1944,,0,130645109,1,0,http://www.deutsche-biographie.de/pnd130645109.html
"Brjusov, Valerij",1873 - 1924,,0,118515543,0,0,http://www.deutsche-biographie.de/pnd118515543.html
"Bretschneider, Andreas",1578 - 1640,,0,104243570,0,0,http://www.deutsche-biographie.de/pnd104243570.html
"Brezina, Thomas",1963 - ,,0,119501244,1,0,http://www.deutsche-biographie.de/pnd119501244.html
"Broestedt, Johann Sigismund",1695,,0,121608727,0,0,http://www.deutsche-biographie.de/pnd121608727.html
,,,0,,0,0,http://www.deutsche-biographie.de/pnd118673912.html
"Brod, Henri",1799 - 1839,,0,116554134,0,0,http://www.deutsche-biographie.de/pnd116554134.html
"Breuer, Robert",1909 - 1996,,0,118858270,1,0,http://www.deutsche-biographie.de/pnd118858270.html
"Breves, Wilhelm",1896 - 1923,,0,1033767263,1,0,http://www.deutsche-biographie.de/pnd1033767263.html
,,,0,,0,0,http://www.deutsche-biographie.de/pnd123034302.html
"Broen, Gerrit de",17151774,,0,13217507X,0,0,http://www.deutsche-biographie.de/pnd13217507X.html
"Brod, Otto",1888 - 1944,,0,1033787515,1,0,http://www.deutsche-biographie.de/pnd1033787515.html
"Bretschneider, Kurt",1898 - 1966,,0,116492961,0,0,http://www.deutsche-biographie.de/pnd116492961.html
"Bridges, John",1666 - 1724,,0,13408201X,0,0,http://www.deutsche-biographie.de/pnd13408201X.html
"Brentjes, Burchard",1929 - 2012,,0,124184723,1,0,http://www.deutsche-biographie.de/pnd124184723.html
"Brevière, Pierre",1838[19. Jh.],,0,1038347521,1,0,http://www.deutsche-biographie.de/pnd1038347521.html
,,,0,,0,0,http://www.deutsche-biographie.de/pnd123430542.html
"Brie, Hartmut",1943 - ,,0,128427213,0,0,http://www.deutsche-biographie.de/pnd128427213.html
"Brinkmann, Alwin",1946 - ,,0,1017995265,1,0,http://www.deutsche-biographie.de/pnd1017995265.html
"Brinhauser, A.",1784-1817[18./19. Jh.],,0,104724568X,0,0,http://www.deutsche-biographie.de/pnd104724568X.html
"Brinkind, Rudolf",[um 1437],,0,102559775,0,0,http://www.deutsche-biographie.de/pnd102559775.html
"Brill, Abraham A.",1874 - 1948,,0,124677851,0,0,http://www.deutsche-biographie.de/pnd124677851.html
"Bresslau-Hoff, Luise",1882 - 1966,,0,116492112,0,0,http://www.deutsche-biographie.de/pnd116492112.html
"Briem, Friedrich Wilhelm",1922 - ,,0,1033771252,0,0,http://www.deutsche-biographie.de/pnd1033771252.html
"Brocard, Philippe-Joseph",1840 - 1895,,0,1036240657,1,0,http://www.deutsche-biographie.de/pnd1036240657.html
,,,0,,0,0,http://www.deutsche-biographie.de/pnd104970383.html
"Brink, André Philippus",1935 - 2015,,0,119017164,0,0,http://www.deutsche-biographie.de/pnd119017164.html
"Brieger, Hubertus",1909 - 1978,,0,12529655X,1,0,http://www.deutsche-biographie.de/pnd12529655X.html
"Brodie, Alexander",1733 - 1811,,0,142991856,0,0,http://www.deutsche-biographie.de/pnd142991856.html
"Brodesser, Hans",1917 - 1987,,0,103378754X,1,0,http://www.deutsche-biographie.de/pnd103378754X.html
"Breytenbach, Breyten",1939 - ,,0,118666010,0,0,http://www.deutsche-biographie.de/pnd118666010.html
,,,0,,0,0,http://www.deutsche-biographie.de/pnd129059331.html
"Brinton, Crane",1898 - 1968,,0,174107056,1,0,http://www.deutsche-biographie.de/pnd174107056.html
"Brillat-Savarin, Jean Anthelme",1755 - 1826,,0,118660098,0,0,http://www.deutsche-biographie.de/pnd118660098.html
,,,0,,0,0,http://www.deutsche-biographie.de/pnd101245634X.html
"Brod, Ferdinand Michael",1869 - 1944,,0,1012672476,0,0,http://www.deutsche-biographie.de/pnd1012672476.html
"Bridge, William",1600 - 1671,,0,141997478,0,0,http://www.deutsche-biographie.de/pnd141997478.html
,,,0,,0,0,http://www.deutsche-biographie.de/pnd138819440.html
"Brocke, Sonja vom",1980 - ,,0,1036462331,1,0,http://www.deutsche-biographie.de/pnd1036462331.html
,,,0,,0,0,http://www.deutsche-biographie.de/pnd129633364.html
"Bretschneider, Frank",1956 - ,,0,135072468,0,0,http://www.deutsche-biographie.de/pnd135072468.html
,,,0,,0,0,http://www.deutsche-biographie.de/pnd113070756.html
"Brodowsky, Paul",1980 - ,,0,12435100X,1,0,http://www.deutsche-biographie.de/pnd12435100X.html
"Bricage, Claude",1939 - 1992,,0,124236111,0,0,http://www.deutsche-biographie.de/pnd124236111.html
"Brinon, Fernand de",1892 - 1947,,0,122105079,0,0,http://www.deutsche-biographie.de/pnd122105079.html
"Brinkmann, Wolfgang",1931 - ,,0,1033784656,0,0,http://www.deutsche-biographie.de/pnd1033784656.html
"Breuer, Heinz",1936 - ,,0,1033766607,0,0,http://www.deutsche-biographie.de/pnd1033766607.html
"Bridie, James",1888 - 1951,,0,118515292,1,0,http://www.deutsche-biographie.de/pnd118515292.html
"Brez, Christian",1667 - 1743,,0,1011517280,0,0,http://www.deutsche-biographie.de/pnd1011517280.html
,,,0,,0,0,http://www.deutsche-biographie.de/pnd120916290.html
"Brezé, Urbain de Maille de",1597 - 1650,,0,1012457192,0,0,http://www.deutsche-biographie.de/pnd1012457192.html
"Brinkmann, Max",1864 - ,,0,1037718372,1,0,http://www.deutsche-biographie.de/pnd1037718372.html
"Breuning, Herbert",1921 - ,,0,1033766992,0,0,http://www.deutsche-biographie.de/pnd1033766992.html
"Brod, Elsa",1883 - 1942,,0,116553960,1,0,http://www.deutsche-biographie.de/pnd116553960.html
"Briseux, Charles Étienne",1680 - 1754,,0,12440409X,0,0,http://www.deutsche-biographie.de/pnd12440409X.html
"Brognoli, Antonio",1723 - 1807,,0,128854928,0,0,http://www.deutsche-biographie.de/pnd128854928.html
"Brillouin, Marcel",1854 - 1948,,0,116508655,0,0,http://www.deutsche-biographie.de/pnd116508655.html
"Brink, Cornelia",1961 - ,,0,120501058,1,0,http://www.deutsche-biographie.de/pnd120501058.html
"Brockmueller, Johann Joachim Daniel",1781 - 1826,,0,1033787426,0,0,http://www.deutsche-biographie.de/pnd1033787426.html
,,,0,,0,0,http://www.deutsche-biographie.de/pnd123547997.html
"Brillouin, Léon",1889 - 1969,,0,119445662,0,0,http://www.deutsche-biographie.de/pnd119445662.html
"Brockmann, Harald",1889 - ,,0,1033786934,0,0,http://www.deutsche-biographie.de/pnd1033786934.html
"Bretscher, Egon",1901 - 1973,,0,1018866205,0,0,http://www.deutsche-biographie.de/pnd1018866205.html
,,,0,,0,0,http://www.deutsche-biographie.de/pnd118515195.html
"Brettschuh, Gerald",1941 - ,,0,118852884,1,0,http://www.deutsche-biographie.de/pnd118852884.html
"Brokmeier, Peter",1935 - ,,0,116567961,0,0,http://www.deutsche-biographie.de/pnd116567961.html
,,,0,,0,0,http://www.deutsche-biographie.de/pnd12106753X.html
,,,0,,0,0,http://www.deutsche-biographie.de/pnd124659950.html
"Brentano, Sophie",1776 - 1800,,0,11851508X,0,0,http://www.deutsche-biographie.de/pnd11851508X.html
"Breuer, Johann",1617,,0,124659128,0,0,http://www.deutsche-biographie.de/pnd124659128.html
"Breuer, Stefan",1948 - ,,0,120195364,1,0,http://www.deutsche-biographie.de/pnd120195364.html
"Bringsværd, Tor Åge",1939 - ,,0,118858114,1,0,http://www.deutsche-biographie.de/pnd118858114.html
"Britzelmayr, Joseph",1831 - 1879,,0,1049512499,1,0,http://www.deutsche-biographie.de/pnd1049512499.html
"Brochier, Franz",1858 - 1926,,0,116526122,0,0,http://www.deutsche-biographie.de/pnd116526122.html
"Brito, Ronaldo",1949 - ,,0,143358421,0,0,http://www.deutsche-biographie.de/pnd143358421.html
,,,0,,0,0,http://www.deutsche-biographie.de/pnd124769160.html
"Brockmann, Elisabeth",1955 - ,,0,119229307,0,0,http://www.deutsche-biographie.de/pnd119229307.html
"Briese, Manfred",1942 - ,,0,12253249X,0,0,http://www.deutsche-biographie.de/pnd12253249X.html
"Brockdorff, Cay von",1915 - 1999,,0,106225251,0,0,http://www.deutsche-biographie.de/pnd106225251.html
"Brinkmann, Hans",1956 - ,,0,128385790,1,0,http://www.deutsche-biographie.de/pnd128385790.html
"Breteuil, Jacques Laure LeTonelier de",1763,,0,120228327,0,0,http://www.deutsche-biographie.de/pnd120228327.html
"Bresemann, Friedrich",1809 - 1850,,0,13999873X,1,0,http://www.deutsche-biographie.de/pnd13999873X.html
"Broggia, Carlo Antonio",1683 - 1767,,0,130292346,0,0,http://www.deutsche-biographie.de/pnd130292346.html
"Bridgewater, Elizabeth",1687 - 1714,,0,1019724900,0,0,http://www.deutsche-biographie.de/pnd1019724900.html
"Brocardius, Baronius",1619,,0,128840412,0,0,http://www.deutsche-biographie.de/pnd128840412.html
"Brock, Inés",1964 - ,,0,142864889,1,0,http://www.deutsche-biographie.de/pnd142864889.html
"Brockmann, Matthias",1944 - ,,0,121184439,0,0,http://www.deutsche-biographie.de/pnd121184439.html
"Brier, Daniel",1918 - 1955,,0,1033772712,1,0,http://www.deutsche-biographie.de/pnd1033772712.html
,,,0,,0,0,http://www.deutsche-biographie.de/pnd129085065.html
"Brey, August",1864 - ,,0,10163708X,0,0,http://www.deutsche-biographie.de/pnd10163708X.html
"Bretan, Nicolae",1887 - 1968,,0,123234670,0,0,http://www.deutsche-biographie.de/pnd123234670.html
"Briganti, Filippo",1725 - 1804,,0,133131823,0,0,http://www.deutsche-biographie.de/pnd133131823.html
"Brentano, Margherita von",1922 bis 1995,,0,117734659,0,0,http://www.deutsche-biographie.de/pnd104782854.html
"Broerken, Uta",1925 - ,,0,1033788015,0,0,http://www.deutsche-biographie.de/pnd1033788015.html
"Brisley, Stuart",1933 - ,,0,121089827,0,0,http://www.deutsche-biographie.de/pnd121089827.html
"Bretscher, Marie",1888 - 1970,,0,1033763063,0,0,http://www.deutsche-biographie.de/pnd1033763063.html
"Brock, Paul",1844 - 1897,,0,116526564,1,0,http://www.deutsche-biographie.de/pnd116526564.html
"Brickwedde, Fritz",1948 - ,,0,112113486,1,0,http://www.deutsche-biographie.de/pnd112113486.html
"Brissac, Benjamin de",1677 - 1746,,0,1035821680,1,0,http://www.deutsche-biographie.de/pnd1035821680.html
"Brocchi, Igino",1872 - 1931,,0,123425050,0,0,http://www.deutsche-biographie.de/pnd123425050.html
"Brentano, Tremezza von",1942 - ,,0,118515098,0,0,http://www.deutsche-biographie.de/pnd118515098.html
"Brink, Werner",1909 - 1972,,0,1033777110,1,0,http://www.deutsche-biographie.de/pnd1033777110.html
"Brjancev, Georgij M.",1904 - 1960,,0,101749584X,0,0,http://www.deutsche-biographie.de/pnd101749584X.html
"Britzke, Friedrich von",1605-16091609,,0,1031680233,1,0,http://www.deutsche-biographie.de/pnd1031680233.html
"Breuer, Hermann",1878 - ,,0,137858825,0,0,http://www.deutsche-biographie.de/pnd137858825.html
"Bringezu, Johann Otto",1893 - 1972,,0,1046310607,1,0,http://www.deutsche-biographie.de/pnd1046310607.html
"Brentel, Georg",1525 - 1610,,0,139411224,1,0,http://www.deutsche-biographie.de/pnd139411224.html
"Bringmann, Fritz",1918 - 2011,,0,120563916,1,0,http://www.deutsche-biographie.de/pnd120563916.html
"Breteuil, Louise Émilie Le Tonnelier de",[18. Jh.],,0,102485664X,0,0,http://www.deutsche-biographie.de/pnd102485664X.html
"Broca, Paul",1824 - 1880,,0,119198681,1,0,http://www.deutsche-biographie.de/pnd119198681.html
"Briesen, Fritz von",1875 - ,,0,116508272,1,0,http://www.deutsche-biographie.de/pnd116508272.html
"Brentano Cimarolo, Ignatius",1673 - 1750,,0,100056318,0,0,http://www.deutsche-biographie.de/pnd100056318.html
"Broes, Bert",1935 - ,,0,103378804X,0,0,http://www.deutsche-biographie.de/pnd103378804X.html
"Brodmann, Joseph",1801,,0,116554975,0,0,http://www.deutsche-biographie.de/pnd116554975.html
"Breuning, Johann Georg",1700 - 1734,,0,123104254,0,0,http://www.deutsche-biographie.de/pnd123104254.html
"Bridgewater, John Egerton of",1646 - 1701,,0,1026258944,1,0,http://www.deutsche-biographie.de/pnd1026258944.html
"Brescius, Johann Adam",1707-1712,,0,130469289,0,0,http://www.deutsche-biographie.de/pnd130469289.html
"Breuer, Theo",1956 - ,,0,119152460,1,0,http://www.deutsche-biographie.de/pnd119152460.html
"Brockhage, Hans",1925 - 2009,,0,119274914,0,0,http://www.deutsche-biographie.de/pnd119274914.html
"Breuel, Birgit",1937 - ,,0,119173220,0,0,http://www.deutsche-biographie.de/pnd119173220.html
"Brodauf, Alfred",1871 - 1946,,0,129726389,0,0,http://www.deutsche-biographie.de/pnd129726389.html
"Bresien, Egon",1932 - ,,0,1045773980,0,0,http://www.deutsche-biographie.de/pnd1045773980.html
"Bridgman, Frederick Arthur",1847 - 1928,,0,1037009479,0,0,http://www.deutsche-biographie.de/pnd1037009479.html
"Breny, Wolfgang",1592-15951613,,0,1038382084,0,0,http://www.deutsche-biographie.de/pnd1038382084.html
"Brewer, Johann Wilhelm Alois",1758 - 1844,,0,1033768790,1,0,http://www.deutsche-biographie.de/pnd1033768790.html
"Brocardus, Jacobus",1515 - 1594,,0,117632058,1,0,http://www.deutsche-biographie.de/pnd117632058.html
"Brill, Rudolf",1899 - 1989,,0,116508612,1,0,http://www.deutsche-biographie.de/pnd116508612.html
"Brix, Meta",1887 - ,,0,1014187567,1,0,http://www.deutsche-biographie.de/pnd1014187567.html
"Brochant de Villiers, André J. M.",1772 - 1840,,0,117632074,0,0,http://www.deutsche-biographie.de/pnd117632074.html
"Brings, Stephan",1965 - ,,0,13532792X,0,0,http://www.deutsche-biographie.de/pnd13532792X.html
"Breuner, Siegfried Christoph",1632,,0,116493585,0,0,http://www.deutsche-biographie.de/pnd116493585.html
"Bressl, Johann Baptist",1801 - 1864,,0,133456846,0,0,http://www.deutsche-biographie.de/pnd133456846.html
"Brinkmeier, Winfried",1948 - ,,0,1046524844,1,0,http://www.deutsche-biographie.de/pnd1046524844.html
"Brigitta <Heilige, 453-523>",[453] - [523],,0,120031043,0,0,http://www.deutsche-biographie.de/pnd120031043.html
"Broh, James",1867 - ,,0,116567449,0,0,http://www.deutsche-biographie.de/pnd116567449.html
"Brodeur, ...",1805[18./19. Jh.],,0,1038384672,1,0,http://www.deutsche-biographie.de/pnd1038384672.html
"Brochmand, Jesper Rasmussen",1585 - 1652,,0,124518281,1,0,http://www.deutsche-biographie.de/pnd124518281.html
"Brockstedt, Hans",1930 - ,,0,114262683,1,0,http://www.deutsche-biographie.de/pnd114262683.html
"Brodnitz, Käthe",1884 - 1971,,0,116555203,0,0,http://www.deutsche-biographie.de/pnd116555203.html
,,,0,,0,0,http://www.deutsche-biographie.de/pnd133840352.html
"Brissebarre, Jean Baptiste Bernard",1775 - 1849,,0,1019728272,1,0,http://www.deutsche-biographie.de/pnd1019728272.html
"Brial, Michel-Jean-Joseph",1743 - 1828,,0,116495804,0,0,http://www.deutsche-biographie.de/pnd116495804.html
"Bromberger, Otto",1862 - 1943,,0,1021025895,0,0,http://www.deutsche-biographie.de/pnd1021025895.html
"Breustedt, Hans Joachim",1901 - 1984,,0,119167948,0,0,http://www.deutsche-biographie.de/pnd119167948.html
"Briese, Olaf",1963 - ,,0,120678624,1,0,http://www.deutsche-biographie.de/pnd120678624.html
"Brodwolf, Jürgen",1932 - ,,0,118515659,1,0,http://www.deutsche-biographie.de/pnd118515659.html
"Brieger, Alfred",1869 - ,,0,1031940294,0,0,http://www.deutsche-biographie.de/pnd1031940294.html
"Brion, Eve",1900 - 1986,,0,12623471X,0,0,http://www.deutsche-biographie.de/pnd12623471X.html
"Bretz, Julius",1870 - 1953,,0,118673947,0,0,http://www.deutsche-biographie.de/pnd118673947.html
"Breteuil, Louis-Auguste Le Tonnelier de",1730 - 1807,,0,117630985,0,0,http://www.deutsche-biographie.de/pnd117630985.html
"Brinckmann, Jacob",1609 - 1662,,0,124412491,0,0,http://www.deutsche-biographie.de/pnd124412491.html
,,,0,,0,0,http://www.deutsche-biographie.de/pnd129697737.html
"Brodmann, Gundi",1943 - ,,0,129220248,0,0,http://www.deutsche-biographie.de/pnd129220248.html
,,,0,,0,0,http://www.deutsche-biographie.de/pnd174362358.html
"Broglie, Charles Louis Victor de",1756 - 1794,,0,128773804,0,0,http://www.deutsche-biographie.de/pnd128773804.html
"Brinkmann, Jürgen",1934 - ,,0,107817284,0,0,http://www.deutsche-biographie.de/pnd107817284.html
"Brings, Janek",1970 - ,,0,103646105X,1,0,http://www.deutsche-biographie.de/pnd103646105X.html
"Brion, Marcel",1895 - 1984,,0,11866011X,0,0,http://www.deutsche-biographie.de/pnd11866011X.html
"Britzken, Ludwig von",1588,,0,1031783628,1,0,http://www.deutsche-biographie.de/pnd1031783628.html
"Breton, Stanislas",1912 - 2005,,0,119051486,0,0,http://www.deutsche-biographie.de/pnd119051486.html
"Bréquin, Jean-Baptiste",1712 - 1785,,0,129765481,1,0,http://www.deutsche-biographie.de/pnd129765481.html
"Britz, Nikolaus",1919 - 1982,,0,118515535,0,0,http://www.deutsche-biographie.de/pnd118515535.html
"Brockstedt, Hedwig",1902 - ,,0,1037760166,1,0,http://www.deutsche-biographie.de/pnd1037760166.html
,,,0,,0,0,http://www.deutsche-biographie.de/pnd130419184.html
"Bricot, Thomas",[ca. 1460 - 1516],,0,100938299,0,0,http://www.deutsche-biographie.de/pnd100938299.html
,,,0,,0,0,http://www.deutsche-biographie.de/pnd1012741893.html
"Broglie, Charles-Amédée de",1649 - 1707,,0,123052483,0,0,http://www.deutsche-biographie.de/pnd123052483.html
"Britz, Helmut",1956 - ,,0,1037948920,0,0,http://www.deutsche-biographie.de/pnd1037948920.html
"Briese, Hans-Hermann",1940 - ,,0,120323672,0,0,http://www.deutsche-biographie.de/pnd120323672.html
"Britze, Marianne",1883 - 1980,,0,11867420X,1,0,http://www.deutsche-biographie.de/pnd11867420X.html
,,,0,,0,0,http://www.deutsche-biographie.de/pnd132404141.html
"Breuer, Johann Georg",1649-1695,,0,1034660608,0,0,http://www.deutsche-biographie.de/pnd1034660608.html
"Brenzing, Erwin",1917 - ,,0,1033762695,0,0,http://www.deutsche-biographie.de/pnd1033762695.html
"Brigg, Robert Heinz",1898 - ,,0,1037705882,1,0,http://www.deutsche-biographie.de/pnd1037705882.html
,,,0,,0,0,http://www.deutsche-biographie.de/pnd138970459.html
"Brentano, Hanny",1872 - 1940,,0,117730335,0,0,http://www.deutsche-biographie.de/pnd117730335.html
"Brockmann, Theresia",1919 - ,,0,1036505758,0,0,http://www.deutsche-biographie.de/pnd1036505758.html
,,,0,,0,0,http://www.deutsche-biographie.de/pnd139328408.html
,,,0,,0,0,http://www.deutsche-biographie.de/pnd119095157.html
"Britto, Paulo Henriques",1951 - ,,0,101573765X,0,0,http://www.deutsche-biographie.de/pnd101573765X.html
,,,0,,0,0,http://www.deutsche-biographie.de/pnd134197577.html
"Bromes, Dirk",[ca. 1338 - 1400],,0,102559791,0,0,http://www.deutsche-biographie.de/pnd102559791.html
"Brioschi, Anton",1855 - 1920,,0,139326766,1,0,http://www.deutsche-biographie.de/pnd139326766.html
"Breutzmann, Gudrun",1964 - ,,0,1033886394,0,0,http://www.deutsche-biographie.de/pnd1033886394.html
"Brettschneider, Merete",1974 - ,,0,139215611,0,0,http://www.deutsche-biographie.de/pnd139215611.html
"Brockmann, Theodor",1914 - ,,0,1029797153,0,0,http://www.deutsche-biographie.de/pnd1029797153.html
"Brombacher, Kuno",1890 - ,,0,116568100,0,0,http://www.deutsche-biographie.de/pnd116568100.html
"Brogiato, Heinz Peter",1958 - ,,0,115603530,0,0,http://www.deutsche-biographie.de/pnd115603530.html
"Broglie, Victor François de",1718 - 1804,,0,116562722,0,0,http://www.deutsche-biographie.de/pnd116562722.html
,,,0,,0,0,http://www.deutsche-biographie.de/pnd171939212.html
"Bristol, Augustus John Hervey",1724 - 1779,,0,120674076,0,0,http://www.deutsche-biographie.de/pnd120674076.html
"Brenz, Johannes",1539 - 1596,,0,121177459,1,0,http://www.deutsche-biographie.de/pnd121177459.html
"Brockelsby, Richard",1722 - 1797,,0,142945048,1,0,http://www.deutsche-biographie.de/pnd142945048.html
"Brockman, Beatrix",1962 - ,,0,129228494,1,0,http://www.deutsche-biographie.de/pnd129228494.html
"Bridgeman, Orlando",1608 - 1674,,0,1032213574,1,0,http://www.deutsche-biographie.de/pnd1032213574.html
"Bressani, Giovanni",1490 - 1560,,0,1020717440,0,0,http://www.deutsche-biographie.de/pnd1020717440.html
"Briant, Alexander",1553 - 1581,,0,132065509,0,0,http://www.deutsche-biographie.de/pnd132065509.html
,,,0,,0,0,http://www.deutsche-biographie.de/pnd118946552.html
"Brix, Johann Georg",1665 - 1742,,0,1012179478,0,0,http://www.deutsche-biographie.de/pnd1012179478.html
"Breuner, Hans von",1570 - 1632,,0,142944556,1,0,http://www.deutsche-biographie.de/pnd142944556.html
"Brofeldt, Jussi",1960 - ,,0,143252917,0,0,http://www.deutsche-biographie.de/pnd143252917.html
"Breslau, Heinrich von",1784 - 1851,,0,116486848,1,0,http://www.deutsche-biographie.de/pnd116486848.html
"Brinkmann, Georg",1850 - 1926,,0,116520132,0,0,http://www.deutsche-biographie.de/pnd116520132.html
"Brockpähler, Wolfgang",1929 - 2014,,0,122522591,0,0,http://www.deutsche-biographie.de/pnd122522591.html
,,,0,,0,0,http://www.deutsche-biographie.de/pnd118674285.html
"Breuer, Emil",1881 - 1979,,0,133562824,1,0,http://www.deutsche-biographie.de/pnd133562824.html
"Brizuela, Leopoldo",1963 - ,,0,128763086,0,0,http://www.deutsche-biographie.de/pnd128763086.html
"Bretz, Hans Peter",1897 - 1976,,0,143508628,0,0,http://www.deutsche-biographie.de/pnd143508628.html
"Brix, Rudolf",1880 - 1953,,0,116523786,0,0,http://www.deutsche-biographie.de/pnd116523786.html
"Brokof, Jan",1977 - ,,0,133075842,1,0,http://www.deutsche-biographie.de/pnd133075842.html
"Breuning, Gerhard von",1813 - 1892,,0,118674021,0,0,http://www.deutsche-biographie.de/pnd118674021.html
"Brodszky, Sándor",1819 - 1901,,0,1038283221,0,0,http://www.deutsche-biographie.de/pnd1038283221.html
"Brock, Inge",1943 - ,,0,1033785504,0,0,http://www.deutsche-biographie.de/pnd1033785504.html
"Breuer, Florian",1916 - 1994,,0,127097783,1,0,http://www.deutsche-biographie.de/pnd127097783.html
"Brestel, Bartholomäus",[2. H. 16. Jh.-],,0,101973681X,0,0,http://www.deutsche-biographie.de/pnd101973681X.html
"Brjullov, Karl P.",1799 - 1852,,0,119521482,0,0,http://www.deutsche-biographie.de/pnd119521482.html
"Brie, Maria",1960,,0,116507934,1,0,http://www.deutsche-biographie.de/pnd116507934.html
"Bressler, Rainer",1945 - ,,0,120592479,0,0,http://www.deutsche-biographie.de/pnd120592479.html
"Brentano, Franz",1801 - 1841,,0,117666459,0,0,http://www.deutsche-biographie.de/pnd117666459.html
"Britzke, Johannes von",1596-16001600,,0,1031678891,1,0,http://www.deutsche-biographie.de/pnd1031678891.html
"Brombacher, Margret",1945 - ,,0,1049272366,1,0,http://www.deutsche-biographie.de/pnd1049272366.html
"Breuning, Paul",[um 1527-],,0,101972532X,0,0,http://www.deutsche-biographie.de/pnd101972532X.html
"Brennwald, Salomon",1766 - 1798,,0,1033726397,0,0,http://www.deutsche-biographie.de/pnd1033726397.html
"Brindlinger, Wilhelm",1890 - 1967,,0,125298889,1,0,http://www.deutsche-biographie.de/pnd125298889.html
"Breyger, Yevgeniy",1989 - ,,0,1036460746,1,0,http://www.deutsche-biographie.de/pnd1036460746.html
"Breuning, Christian Heinrich",1719 - 1780,,0,117631086,1,0,http://www.deutsche-biographie.de/pnd117631086.html
,,,0,,0,0,http://www.deutsche-biographie.de/pnd122720164.html
"Bresemann, Tom",1978 - ,,0,140890629,1,0,http://www.deutsche-biographie.de/pnd140890629.html
"Brentano, Sissi",1875 - 1956,,0,117734942,0,0,http://www.deutsche-biographie.de/pnd117734942.html
,,,0,,0,0,http://www.deutsche-biographie.de/pnd129085081.html
"Brischke, Lars-Arvid",1971 - ,,0,13034902X,0,0,http://www.deutsche-biographie.de/pnd13034902X.html
"Brodum, William",1755 - 1824,,0,142405868,0,0,http://www.deutsche-biographie.de/pnd142405868.html
"Brewster, David",1781 - 1868,,0,119440660,1,0,http://www.deutsche-biographie.de/pnd119440660.html
"Bril, Jakob",1639 - 1700,,0,100057608,1,0,http://www.deutsche-biographie.de/pnd100057608.html
"Brignole Sale, Anna",1720 - ,,0,142569607,1,0,http://www.deutsche-biographie.de/pnd142569607.html
"Brinvilliers, Marie-Madeleine de",1630 - 1676,,0,119193434,0,0,http://www.deutsche-biographie.de/pnd119193434.html
"Brockmann, Friedrich Adolph",1786 - ,,0,1033786810,1,0,http://www.deutsche-biographie.de/pnd1033786810.html
"Brinkman, Cornelis",1730 - 1799,,0,100757979,0,0,http://www.deutsche-biographie.de/pnd100757979.html
"Breyer-Mayländer, Thomas",1971 - ,,0,131655906,1,0,http://www.deutsche-biographie.de/pnd131655906.html
"Brinckmann, Johann",1617[16./17. Jh.],,0,1037527216,1,0,http://www.deutsche-biographie.de/pnd1037527216.html
"Breuer, Marlene",1961 - ,,0,124623220,0,0,http://www.deutsche-biographie.de/pnd124623220.html
,,,0,,0,0,http://www.deutsche-biographie.de/pnd1014477069.html
"Brings, Benjamin",1980 - ,,0,1045335266,1,0,http://www.deutsche-biographie.de/pnd1045335266.html
"Brillowska, Mariola",1961 - ,,0,12352542X,0,0,http://www.deutsche-biographie.de/pnd12352542X.html
"Rechlinger, Johannes",[um 1508-],,0,1019755717,1,0,http://www.deutsche-biographie.de/pnd1019755717.html
"Rauscher, Klaus",1949 - ,,0,124247571,0,0,http://www.deutsche-biographie.de/pnd124247571.html
Reginaldus <de Aurelia>,[um 1220],,0,102520763,0,0,http://www.deutsche-biographie.de/pnd102520763.html
"Regner, Uwe",1960 - 1989,,0,1046390759,0,0,http://www.deutsche-biographie.de/pnd1046390759.html
"Regensburger, Annemarie",1948 - ,,0,123597064,1,0,http://www.deutsche-biographie.de/pnd123597064.html
"Redelen, Wolfgang",1941 - 1968,,0,1046385224,0,0,http://www.deutsche-biographie.de/pnd1046385224.html
"Ray, James Earl",1928 - ,,0,12133886X,0,0,http://www.deutsche-biographie.de/pnd12133886X.html
"Rehm, Hermann Siegfried",1859 - ,,0,116393009,0,0,http://www.deutsche-biographie.de/pnd116393009.html
"Ravens, Karl",1927 - ,,0,124999786,0,0,http://www.deutsche-biographie.de/pnd124999786.html
"Reeves, John",1752 - 1829,,0,123779677,0,0,http://www.deutsche-biographie.de/pnd123779677.html
,,,0,,0,0,http://www.deutsche-biographie.de/pnd119319578.html
"Recklinghusen, Heinrich von",1577,,0,1031884165,1,0,http://www.deutsche-biographie.de/pnd1031884165.html
"Rauscher, Franz Anton",1731 - 1777,,0,129182931,0,0,http://www.deutsche-biographie.de/pnd129182931.html
"Rauter, Jürgen",1971 - ,,0,131681419,0,0,http://www.deutsche-biographie.de/pnd131681419.html
"Reede-Ginckel, Godard",1644 - 1703,,0,14331565X,1,0,http://www.deutsche-biographie.de/pnd14331565X.html
"Regius, Martin",1549 - 1625,,0,1019755776,0,0,http://www.deutsche-biographie.de/pnd1019755776.html
"Raunheim, Hermann",1817 - 1895,,0,1017510970,0,0,http://www.deutsche-biographie.de/pnd1017510970.html
"Rebbe, Nicolaus de",1565 - 1620,,0,124002277,0,0,http://www.deutsche-biographie.de/pnd124002277.html
"Rautenberg, Albrecht F.",1739 - 1780,,0,10024498X,0,0,http://www.deutsche-biographie.de/pnd10024498X.html
"Rauner, Wolfgang Balthasar",1670 - 1710,,0,122616928,0,0,http://www.deutsche-biographie.de/pnd122616928.html
"Rauner, Herbert",1959 - ,,0,113958889,1,0,http://www.deutsche-biographie.de/pnd113958889.html
"Rees, Abraham",1743 - 1825,,0,104384425,0,0,http://www.deutsche-biographie.de/pnd104384425.html
"Rehfeldt, Martin",1978 - ,,0,133838455,0,0,http://www.deutsche-biographie.de/pnd133838455.html
Reginaldus <Langham>,[um 1410],,0,102518858,0,0,http://www.deutsche-biographie.de/pnd102518858.html
"Rautenberg, Arne",1967 - ,,0,123649706,0,0,http://www.deutsche-biographie.de/pnd123649706.html
"Razumovskij, Andrej K.",1752 - 1836,,0,130200875,1,0,http://www.deutsche-biographie.de/pnd130200875.html
"Reich an der Stolpe, Siegfried",1912 - 2001,,0,11933268X,0,0,http://www.deutsche-biographie.de/pnd11933268X.html
"Reede, Godard van",1588 - 1648,,0,124550517,1,0,http://www.deutsche-biographie.de/pnd124550517.html
"Reh, Sascha",1974 - ,,0,142003964,1,0,http://www.deutsche-biographie.de/pnd142003964.html
"Rauner, Pandolf Balthasar von",1714 - 1772,,0,1023628066,1,0,http://www.deutsche-biographie.de/pnd1023628066.html
"Redgrave, Vanessa",1937 - ,,0,119060892,1,0,http://www.deutsche-biographie.de/pnd119060892.html
"Rehbinder, Robert Henrik von",1777 - 1841,,0,116391987,0,0,http://www.deutsche-biographie.de/pnd116391987.html
"Reeves, Joseph Mason",1872 - 1948,,0,130548235,0,0,http://www.deutsche-biographie.de/pnd130548235.html
"Redlich, Karl",1827[19. Jh.],,0,1050720997,0,0,http://www.deutsche-biographie.de/pnd1050720997.html
"Redlich, Richard",1852 - 1910,,0,1046385682,1,0,http://www.deutsche-biographie.de/pnd1046385682.html
"Reich, Bernhard",1894 - 1972,,0,102682625X,1,0,http://www.deutsche-biographie.de/pnd102682625X.html
"Ravaisson, Félix",1813 - 1900,,0,118787985,0,0,http://www.deutsche-biographie.de/pnd118787985.html
"Regan, Donald T.",1918 - ,,0,118913646,0,0,http://www.deutsche-biographie.de/pnd118913646.html
"Reetz, Henry",1679 - 1765,,0,123088798,0,0,http://www.deutsche-biographie.de/pnd123088798.html
"Raus, Erhard",1899 - 1956,,0,118841343,1,0,http://www.deutsche-biographie.de/pnd118841343.html
"Rauß, Herbert",1964-1965[20. Jh.],,0,1041856229,1,0,http://www.deutsche-biographie.de/pnd1041856229.html
"Raum, Hermann",1924 - 1961,,0,116364912,0,0,http://www.deutsche-biographie.de/pnd116364912.html
"Reeves, Dianne",1956 - ,,0,134725530,1,0,http://www.deutsche-biographie.de/pnd134725530.html
"Redl, Christian",1948 - ,,0,122086902,1,0,http://www.deutsche-biographie.de/pnd122086902.html
"Rawls, John",1921 - 2002,,0,118598678,0,0,http://www.deutsche-biographie.de/pnd118598678.html
"Redieß, Wilhelm",1900 - ,,0,130515620,0,0,http://www.deutsche-biographie.de/pnd130515620.html
"Rauscher, Ernst",1834 - 1919,,0,116366478,0,0,http://www.deutsche-biographie.de/pnd116366478.html
"Regters, Tibout",1710 - 1768,,0,13193483X,0,0,http://www.deutsche-biographie.de/pnd13193483X.html
"Reichard, Conrad",1841 - ,,0,116397403,0,0,http://www.deutsche-biographie.de/pnd116397403.html
"Reich, Stephan",1984 - ,,0,1037884531,0,0,http://www.deutsche-biographie.de/pnd1037884531.html
"Reeve, Thomas",1673 - 1737,,0,1034106945,1,0,http://www.deutsche-biographie.de/pnd1034106945.html
"Raupius, Jakob",1604 - 1667,,0,103119140,0,0,http://www.deutsche-biographie.de/pnd103119140.html
"Redi, Francesco",1626 - 1698,,0,118939416,1,0,http://www.deutsche-biographie.de/pnd118939416.html
"Rawlings, Jerry J.",1947 - ,,0,118910191,1,0,http://www.deutsche-biographie.de/pnd118910191.html
"Rehmann, Joerg",1966 - ,,0,1038716810,0,0,http://www.deutsche-biographie.de/pnd1038716810.html
"Regenstein, Charlotte",1835 - 1904,,0,12460479X,0,0,http://www.deutsche-biographie.de/pnd12460479X.html
"Regehly, Thomas",1956 - ,,0,136662250,0,0,http://www.deutsche-biographie.de/pnd136662250.html
"Reckmann, Bernd",1955 - 1978,,0,1046384716,0,0,http://www.deutsche-biographie.de/pnd1046384716.html
"Rehe, Johann",1563 - 1616,,0,1023630680,1,0,http://www.deutsche-biographie.de/pnd1023630680.html
,,,0,,0,0,http://www.deutsche-biographie.de/pnd107044900.html
"Reich, Traudi",1920 - ,,0,115688544,1,0,http://www.deutsche-biographie.de/pnd115688544.html
"Rechbacher, Johann Friedrich",1603 - 1666,,0,124524109,0,0,http://www.deutsche-biographie.de/pnd124524109.html
Reginaldus <de Alna>,[ca. 14. Jh.],,0,102520755,0,0,http://www.deutsche-biographie.de/pnd102520755.html
"Rehlinger, Oliver",1953 - 1986-1989,,0,1046395343,0,0,http://www.deutsche-biographie.de/pnd1046395343.html
"Rebé, Claude de",1587 - 1659,,0,1019740418,0,0,http://www.deutsche-biographie.de/pnd1019740418.html
"Raḩmon, Ėmomalī",1952 - ,,0,129949973,0,0,http://www.deutsche-biographie.de/pnd129949973.html
"Rees, Otto van",1884 - 1957,,0,119199394,1,0,http://www.deutsche-biographie.de/pnd119199394.html
"Ravenberg, Hans",1956 - 1987,,0,104637429X,0,0,http://www.deutsche-biographie.de/pnd104637429X.html
"Rausch, Jean-Marie",1929 - ,,0,129694959,0,0,http://www.deutsche-biographie.de/pnd129694959.html
"Reed, Carol",1906 - 1976,,0,118909428,1,0,http://www.deutsche-biographie.de/pnd118909428.html
"Reich, Heike",1963 - ,,0,143803913,0,0,http://www.deutsche-biographie.de/pnd143803913.html
"Rechlin, E.",1880[19. Jh.],,0,1041942001,1,0,http://www.deutsche-biographie.de/pnd1041942001.html
"Reich, Karl Friedrich",1618-1645,,0,138574642,0,0,http://www.deutsche-biographie.de/pnd138574642.html
"Reich, Ernst Lothar",[20. Jh.],,0,1026826330,0,0,http://www.deutsche-biographie.de/pnd1026826330.html
"Rechsteiner, Yves",1995,,0,132025884,0,0,http://www.deutsche-biographie.de/pnd132025884.html
"Rašidov, Šaraf R.",1917 - 1983,,0,119525720,0,0,http://www.deutsche-biographie.de/pnd119525720.html
"Redei, Laszlo",1900 - 1980,,0,117719145,1,0,http://www.deutsche-biographie.de/pnd117719145.html
"Rehtz, Alfred",1875 - 1954,,0,116393882,0,0,http://www.deutsche-biographie.de/pnd116393882.html
"Reich, Wenzel Ernst",1812-1815,,0,1046397567,1,0,http://www.deutsche-biographie.de/pnd1046397567.html
"Rehbauer, Ferdinand",1832,,0,1046998706,1,0,http://www.deutsche-biographie.de/pnd1046998706.html
"Rech, Andreas",[um 1453-],,0,1019755814,0,0,http://www.deutsche-biographie.de/pnd1019755814.html
Ravennius <Arelatensis>,[452],,0,102404984,0,0,http://www.deutsche-biographie.de/pnd102404984.html
"Regenspurger, Matthias",1681-1690[17. Jh.],,0,1033906662,1,0,http://www.deutsche-biographie.de/pnd1033906662.html
"Rauscher, Friedrich",1754 - 1808,,0,1041849699,1,0,http://www.deutsche-biographie.de/pnd1041849699.html
"Rautenstein, Johann Ernst von",1623 - 1666,,0,124058698,0,0,http://www.deutsche-biographie.de/pnd124058698.html
"Reich, Ina",1961 - ,,0,1044201002,0,0,http://www.deutsche-biographie.de/pnd1044201002.html
"Regnoli, Giorgio",1797 - 1858,,0,116391324,0,0,http://www.deutsche-biographie.de/pnd116391324.html
"Regau, Thomas",1905 - 1969,,0,107693801,0,0,http://www.deutsche-biographie.de/pnd107693801.html
"Rehder, Mathes",1933 - 2011,,0,1046392050,1,0,http://www.deutsche-biographie.de/pnd1046392050.html
"Rechy, John",1934 - ,,0,133526313,0,0,http://www.deutsche-biographie.de/pnd133526313.html
"Reich, Josef",1871[191. Jh.],,0,1041803990,1,0,http://www.deutsche-biographie.de/pnd1041803990.html
"Reder, Heinrich Richard",1862 - ,,0,116374497,0,0,http://www.deutsche-biographie.de/pnd116374497.html
"Reeve, Henry",1813 - 1895,,0,116390247,0,0,http://www.deutsche-biographie.de/pnd116390247.html
"Reich, Adolf",1887 - 1963,,0,130842729,0,0,http://www.deutsche-biographie.de/pnd130842729.html
"Rechteren, Adolf Hendrik van",1657 - 1731,,0,102428441,0,0,http://www.deutsche-biographie.de/pnd102428441.html
"Reichard, Johann",1598 - 1667,,0,120583151,1,0,http://www.deutsche-biographie.de/pnd120583151.html
"Regnaud de Saint-Jean D'Angély, Michel Louis Étienne",1761 - 1819,,0,100393950,0,0,http://www.deutsche-biographie.de/pnd100393950.html
"Rauner, Johann Christoph von",1735 - 1773,,0,1019762209,1,0,http://www.deutsche-biographie.de/pnd1019762209.html
"Rebs, Hans",1898 - ,,0,1043950842,1,0,http://www.deutsche-biographie.de/pnd1043950842.html
"Reiboldt, Philipp Ferdinand von",1712,,0,103383100X,0,0,http://www.deutsche-biographie.de/pnd103383100X.html
"Recher, Peter Emil",1879 - 1910-1919,,0,1037718232,0,0,http://www.deutsche-biographie.de/pnd1037718232.html
Raymond <Bérenger>,1374,,0,132308479,0,0,http://www.deutsche-biographie.de/pnd132308479.html
"Redanz, Regine",1952 - 1970,,0,104638502X,0,0,http://www.deutsche-biographie.de/pnd104638502X.html
"Rehlingen, Raymund von",1675,,0,123620112,0,0,http://www.deutsche-biographie.de/pnd123620112.html
"Reeh, Friedrich",1890 - 1965,,0,105748714,1,0,http://www.deutsche-biographie.de/pnd105748714.html
"Redner, Julie",1959 - 1992,,0,1046387146,1,0,http://www.deutsche-biographie.de/pnd1046387146.html
"Rebaldis, Filippo de",1670 - 1698,,0,1025352726,1,0,http://www.deutsche-biographie.de/pnd1025352726.html
"Reeder, John",[18. Jh.],,0,136647316,1,0,http://www.deutsche-biographie.de/pnd136647316.html
"Raynouard, François-Just-Marie",1761 - 1836,,0,118788035,1,0,http://www.deutsche-biographie.de/pnd118788035.html
,,,0,,0,0,http://www.deutsche-biographie.de/pnd128587725.html
"Rehberg-Behrns, Hella",1860 - ,,0,116351616,0,0,http://www.deutsche-biographie.de/pnd116351616.html
"Rautert, Timm",1941 - ,,0,11905065X,0,0,http://www.deutsche-biographie.de/pnd11905065X.html
"Reich, Adolph",1848-1893,,0,116394277,0,0,http://www.deutsche-biographie.de/pnd116394277.html
"Rehfeldt, Ilsabe Dorothea",1693 - 1730,,0,1033832642,1,0,http://www.deutsche-biographie.de/pnd1033832642.html
"Rausch, Friedlieb",1843 - 1916,,0,116365498,0,0,http://www.deutsche-biographie.de/pnd116365498.html
"Reich, Wolfgang",1922 - ,,0,1049202252,1,0,http://www.deutsche-biographie.de/pnd1049202252.html
"Reich, Karin",1941 - ,,0,10619738X,1,0,http://www.deutsche-biographie.de/pnd10619738X.html
"Rautenberg, Eire",1956 - ,,0,124265235,0,0,http://www.deutsche-biographie.de/pnd124265235.html
Raymond <de Marseille>,[um 1140],,0,10312697X,0,0,http://www.deutsche-biographie.de/pnd10312697X.html
"Reboux, Paul",1877 - 1963,,0,118788078,0,0,http://www.deutsche-biographie.de/pnd118788078.html
"Ravenstein, Helene von",1855 - 1949,,0,1012295435,1,0,http://www.deutsche-biographie.de/pnd1012295435.html
"Regnet, Michael Georg",1774 - 1832,,0,1046391127,1,0,http://www.deutsche-biographie.de/pnd1046391127.html
"Reich, Jens",1939 - ,,0,119135973,1,0,http://www.deutsche-biographie.de/pnd119135973.html
"Regnauldin, Claude",1675,,0,1019765135,1,0,http://www.deutsche-biographie.de/pnd1019765135.html
"Redenti, Francesco",1820 - 1876,,0,130078999,0,0,http://www.deutsche-biographie.de/pnd130078999.html
"Rehnitz, Franz",1812,,0,1046396935,1,0,http://www.deutsche-biographie.de/pnd1046396935.html
"Re, Filippo",1763 - 1817,,0,117694983,0,0,http://www.deutsche-biographie.de/pnd117694983.html
"Raute, Gustav",1859 - 1946,,0,130052469,0,0,http://www.deutsche-biographie.de/pnd130052469.html
"Reichard, Eva",1953 - 1989,,0,1046398148,0,0,http://www.deutsche-biographie.de/pnd1046398148.html
"Rehkopf, Willi",1892 - 1987,,0,116392622,0,0,http://www.deutsche-biographie.de/pnd116392622.html
"Rehberg, Caroline",1790-,,0,1024879801,0,0,http://www.deutsche-biographie.de/pnd1024879801.html
"Rehbock, Franz",1850[19. Jh.],,0,1034117017,0,0,http://www.deutsche-biographie.de/pnd1034117017.html
"Reibenstein, F.",1747,,0,131568736,0,0,http://www.deutsche-biographie.de/pnd131568736.html
"Rehe, Wilhelm",1592 - 1631,,0,101975575X,1,0,http://www.deutsche-biographie.de/pnd101975575X.html
,,,0,,0,0,http://www.deutsche-biographie.de/pnd138449678.html
"Reich, Richard",1961 - ,,0,123269202,0,0,http://www.deutsche-biographie.de/pnd123269202.html
"Regenbrecht, Klaus-Dieter",1950 - ,,0,124303471,0,0,http://www.deutsche-biographie.de/pnd124303471.html
"Reichard, Holger",1966 - ,,0,138820287,0,0,http://www.deutsche-biographie.de/pnd138820287.html
"Raṣṣāʿ, Muḥammad Ibn-al-Qāsim ar-",1489,,0,102415234,0,0,http://www.deutsche-biographie.de/pnd102415234.html
"Raus, Michel",1939 - 2011,,0,116365412,1,0,http://www.deutsche-biographie.de/pnd116365412.html
,,,0,,0,0,http://www.deutsche-biographie.de/pnd104982357.html
"Rauscher, Hieronymus",1517 - 1576,,0,1019762187,1,0,http://www.deutsche-biographie.de/pnd1019762187.html
"Rechter, Gunda",1935 - ,,0,1046384341,1,0,http://www.deutsche-biographie.de/pnd1046384341.html
"Reichardt, Rolf",1940 - ,,0,12051320X,1,0,http://www.deutsche-biographie.de/pnd12051320X.html
"Reder, Ewart",1957 - ,,0,120856492,1,0,http://www.deutsche-biographie.de/pnd120856492.html
"Rehn, Elisabeth",1935 - ,,0,128467851,0,0,http://www.deutsche-biographie.de/pnd128467851.html
"Rayburn, Sam",1882 - 1961,,0,116367687,0,0,http://www.deutsche-biographie.de/pnd116367687.html
"Reade, Charles",1814 - 1884,,0,118788051,0,0,http://www.deutsche-biographie.de/pnd118788051.html
"Raynaldy, Eugène",1869 - 1938,,0,133719499,0,0,http://www.deutsche-biographie.de/pnd133719499.html
"Reich, Albert",1881 - 1942,,0,136811426,1,0,http://www.deutsche-biographie.de/pnd136811426.html
"Reiber, Hartmut",1950 - ,,0,133960846,1,0,http://www.deutsche-biographie.de/pnd133960846.html
"Redcke, F.",1901-1950[19./20. Jh.],,0,1034150308,0,0,http://www.deutsche-biographie.de/pnd1034150308.html
"Reich, Leon",1879 - 1929,,0,140432027,1,0,http://www.deutsche-biographie.de/pnd140432027.html
"Reetz, Bärbel",1942 - ,,0,122941802,0,0,http://www.deutsche-biographie.de/pnd122941802.html
"Rausch, Roman",1961 - ,,0,12237696X,1,0,http://www.deutsche-biographie.de/pnd12237696X.html
"Reich, Carl Friedrich Ferdinand von",-,,0,1019761415,0,0,http://www.deutsche-biographie.de/pnd1019761415.html
"Rederer, Franz",1899 - 1965,,0,118743694,0,0,http://www.deutsche-biographie.de/pnd118743694.html
Reginaldus <Scotus>,[um 1282],,0,102518874,0,0,http://www.deutsche-biographie.de/pnd102518874.html
,,,0,,0,0,http://www.deutsche-biographie.de/pnd138826943.html
"Redlhammer, Hans Heinrich",1891 - 1980,,0,116374888,1,0,http://www.deutsche-biographie.de/pnd116374888.html
"Reichard, Adam Ernst",1700,,0,131929518,0,0,http://www.deutsche-biographie.de/pnd131929518.html
"Rauprich, Nina",1938 - ,,0,118027263,1,0,http://www.deutsche-biographie.de/pnd118027263.html
"Reichard, Ehrenreich",1712 - 1788,,0,1019755687,0,0,http://www.deutsche-biographie.de/pnd1019755687.html
"Rees, J.",1840[19. Jh.],,0,1041942117,1,0,http://www.deutsche-biographie.de/pnd1041942117.html
"Rebel, Jean-Féry",1666 - 1747,,0,119277557,1,0,http://www.deutsche-biographie.de/pnd119277557.html
"Reeken, Dieter von",1948 - ,,0,133606570,0,0,http://www.deutsche-biographie.de/pnd133606570.html
"Redl, Gertrud",1905 - ,,0,1045771651,1,0,http://www.deutsche-biographie.de/pnd1045771651.html
"Rechberg zu Hohenrechberg, Ulrich von",1515 - 1572,,0,1018396799,0,0,http://www.deutsche-biographie.de/pnd1018396799.html
"Reede, Johan van",1593 - 1682,,0,14256480X,0,0,http://www.deutsche-biographie.de/pnd14256480X.html
"Redlin, Rolf",1958 - ,,0,137529449,1,0,http://www.deutsche-biographie.de/pnd137529449.html
,,,0,,0,0,http://www.deutsche-biographie.de/pnd136796400.html
"Reading, Burnet",1770-1822,,0,136787126,1,0,http://www.deutsche-biographie.de/pnd136787126.html
"Reboul, Jean",1796 - 1864,,0,130885274,0,0,http://www.deutsche-biographie.de/pnd130885274.html
,,,0,,0,0,http://www.deutsche-biographie.de/pnd1030609780.html
"Raz, Balz",1943 - ,,0,1046374826,1,0,http://www.deutsche-biographie.de/pnd1046374826.html
"Reeck, Emerich",1891 - 1953,,0,107043637,0,0,http://www.deutsche-biographie.de/pnd107043637.html
"Reichardt, Ferdinand",1838-1861,,0,12312266X,0,0,http://www.deutsche-biographie.de/pnd12312266X.html
"Rebeur-Paschwitz, Hubert von",1863 - 1933,,0,116368535,0,0,http://www.deutsche-biographie.de/pnd116368535.html
"Rauwertsz., Jan Isaac",1712 - 1773,,0,1019758848,1,0,http://www.deutsche-biographie.de/pnd1019758848.html
Regina <von Alise>,[3. Jh.],,0,123302846,0,0,http://www.deutsche-biographie.de/pnd123302846.html
"Razumovskaja, Elizaveta",1764 - 1806,,0,143082566,1,0,http://www.deutsche-biographie.de/pnd143082566.html
"Reichardt, Friedrich Wilhelm",1694 - 1698,,0,128568186,0,0,http://www.deutsche-biographie.de/pnd128568186.html
"Rebairy, ...",1737[18. Jh.],,0,104180203X,0,0,http://www.deutsche-biographie.de/pnd104180203X.html
"Reershemius, Adrian",1696 - 1758,,0,101175262X,0,0,http://www.deutsche-biographie.de/pnd101175262X.html
"Razumovsky, Dorothea",1935 - 2014,,0,109336925,1,0,http://www.deutsche-biographie.de/pnd109336925.html
,,,0,,0,0,http://www.deutsche-biographie.de/pnd134493133.html
"Realino, Bernardino",1530 - 1616,,0,131975005,0,0,http://www.deutsche-biographie.de/pnd131975005.html
"Rehberg, Karl-Siegbert",1943 - ,,0,128813784,1,0,http://www.deutsche-biographie.de/pnd128813784.html
"Reff, Sylvie",1946 - ,,0,1046388827,1,0,http://www.deutsche-biographie.de/pnd1046388827.html
"Rehn, Heidi",1966 - ,,0,128379510,1,0,http://www.deutsche-biographie.de/pnd128379510.html
"Rehm, Johann",1531 - 1571,,0,129481106,0,0,http://www.deutsche-biographie.de/pnd129481106.html
"Regel, Volker",1950 - ,,0,174261764,0,0,http://www.deutsche-biographie.de/pnd174261764.html
"Reh, Sabine",1961 - 2002-2005,,0,1046391437,0,0,http://www.deutsche-biographie.de/pnd1046391437.html
"Rebenstein, Ludwig",1795 - 1834,,0,1023624575,1,0,http://www.deutsche-biographie.de/pnd1023624575.html
"Rechtern-Limpurg, Friedrich Reinhard von",1751 - 1842,,0,116373393,0,0,http://www.deutsche-biographie.de/pnd116373393.html
"Rauschenbach, Bernd",1952 - ,,0,118159038,0,0,http://www.deutsche-biographie.de/pnd118159038.html
"Redl, Thomas",1960 - ,,0,1049180100,0,0,http://www.deutsche-biographie.de/pnd1049180100.html
"Rauter, Julius",1927 - ,,0,1043841660,0,0,http://www.deutsche-biographie.de/pnd1043841660.html
"Reck, B.",1678,,0,133554759,0,0,http://www.deutsche-biographie.de/pnd133554759.html
"Rausch, Karl-Friedrich",1951 - ,,0,170231542,0,0,http://www.deutsche-biographie.de/pnd170231542.html
"Reichard, ...",1866[19. Jh.],,0,104194277X,0,0,http://www.deutsche-biographie.de/pnd104194277X.html
"Rault, Victor",1858 - 1930,,0,133697142,0,0,http://www.deutsche-biographie.de/pnd133697142.html
"Rebmann, Robi",1928 - 1986,,0,1046376802,0,0,http://www.deutsche-biographie.de/pnd1046376802.html
"Rehberger, Stefan",1972 - ,,0,132183900,1,0,http://www.deutsche-biographie.de/pnd132183900.html
"Regoli, Uta",1939 - ,,0,114439117,1,0,http://www.deutsche-biographie.de/pnd114439117.html
Ravo <de Barnekove>,1379,,0,11924490X,0,0,http://www.deutsche-biographie.de/pnd11924490X.html
"Reese-Schäfer, Walter",1951 - ,,0,120160498,0,0,http://www.deutsche-biographie.de/pnd120160498.html
"Rebel, Ben",1944 - ,,0,132950227,0,0,http://www.deutsche-biographie.de/pnd132950227.html
"Reich, Brigit",1953 - 1978,,0,1046397273,0,0,http://www.deutsche-biographie.de/pnd1046397273.html
"Raworth, Tom",1938 - ,,0,128448385,0,0,http://www.deutsche-biographie.de/pnd128448385.html
"Rechsteiner, Ruth",1947 - ,,0,1046378708,0,0,http://www.deutsche-biographie.de/pnd1046378708.html
,,,0,,0,0,http://www.deutsche-biographie.de/pnd122968824.html
"Raulwing, Jutta",1964 - ,,0,124230083,0,0,http://www.deutsche-biographie.de/pnd124230083.html
"Reich, Johann",1672 - 1691,,0,1026270049,1,0,http://www.deutsche-biographie.de/pnd1026270049.html
"Reber, Annette",1964 - 2008,,0,118126733,1,0,http://www.deutsche-biographie.de/pnd118126733.html
,,,0,,0,0,http://www.deutsche-biographie.de/pnd118743902.html
"Rebentisch, Juliane",1970 - ,,0,128547804,0,0,http://www.deutsche-biographie.de/pnd128547804.html
"Reibel, Charles",1882 - 1956,,0,133719510,0,0,http://www.deutsche-biographie.de/pnd133719510.html
"Redon, Odilon",1840 - 1916,,0,118743740,0,0,http://www.deutsche-biographie.de/pnd118743740.html
"Rehfus, Wulff D.",1944 - ,,0,118743880,0,0,http://www.deutsche-biographie.de/pnd118743880.html
"Reich, Karl Gustav",1905 - 1997,,0,103808931X,0,0,http://www.deutsche-biographie.de/pnd103808931X.html
"Regis, Pierre-Sylvain",1632 - 1707,,0,100393640,0,0,http://www.deutsche-biographie.de/pnd100393640.html
"Redi, Gregorio",1676 - 1748,,0,138914893,0,0,http://www.deutsche-biographie.de/pnd138914893.html
"Rech, Ernst",1954 - 1979,,0,1046377817,0,0,http://www.deutsche-biographie.de/pnd1046377817.html
"Rega, E. W.",1826,,0,1046389068,1,0,http://www.deutsche-biographie.de/pnd1046389068.html
"Rehbein, Gerhard",1926 - 2013,,0,170201406,1,0,http://www.deutsche-biographie.de/pnd170201406.html
"Reich, Hanns Leo",1902 - 1959,,0,139781323,1,0,http://www.deutsche-biographie.de/pnd139781323.html
"Reffler, Paul",1560-1580[16. Jh.],,0,104180976X,1,0,http://www.deutsche-biographie.de/pnd104180976X.html
,,,0,,0,0,http://www.deutsche-biographie.de/pnd174261594.html
"Rehfeld, Paul Friedrich",1733 - 1734,,0,1019750898,1,0,http://www.deutsche-biographie.de/pnd1019750898.html
"Reagan, Nancy",1921 - ,,0,118897683,0,0,http://www.deutsche-biographie.de/pnd118897683.html
"Redgrave, Corin",1939 - 2010,,0,14102349X,1,0,http://www.deutsche-biographie.de/pnd14102349X.html
"Reed, Philip D.",1899 - 1989,,0,1030226296,0,0,http://www.deutsche-biographie.de/pnd1030226296.html
,,,0,,0,0,http://www.deutsche-biographie.de/pnd119180022.html
"Raus, Ingeborg",1941 - 2003,,0,122455126,0,0,http://www.deutsche-biographie.de/pnd122455126.html
,,,0,,0,0,http://www.deutsche-biographie.de/pnd138826889.html
"Reichard, Ernst",1876 - 1956,,0,133719529,0,0,http://www.deutsche-biographie.de/pnd133719529.html
"Redern, Adam Valentin von",1589 - 1653,,0,143496964,0,0,http://www.deutsche-biographie.de/pnd143496964.html
"Read, Herbert Edward",1893 - 1968,,0,118598716,0,0,http://www.deutsche-biographie.de/pnd118598716.html
"Rayleigh, Robert John",1875 - 1947,,0,117691011,0,0,http://www.deutsche-biographie.de/pnd117691011.html
"Ravensburger, Leo",1557,,0,101145517X,1,0,http://www.deutsche-biographie.de/pnd101145517X.html
"Rausch von Traubenberg, Marie Freifrau",1931,,0,126588163,0,0,http://www.deutsche-biographie.de/pnd126588163.html
"Recht, Roland",1941 - ,,0,107886308,0,0,http://www.deutsche-biographie.de/pnd107886308.html
"Rausch, Jochen",1956 - ,,0,136182836,1,0,http://www.deutsche-biographie.de/pnd136182836.html
"Rehm, Johann Christoph",1627 - 1693,,0,120103168,0,0,http://www.deutsche-biographie.de/pnd120103168.html
"Reese, Lothar",1956 - ,,0,174004893,1,0,http://www.deutsche-biographie.de/pnd174004893.html
"Reich, Christa",1937 - ,,0,115630201,0,0,http://www.deutsche-biographie.de/pnd115630201.html
,,,0,,0,0,http://www.deutsche-biographie.de/pnd129429759.html
"Rehorst, Carl",1866 - 1919,,0,128608722,0,0,http://www.deutsche-biographie.de/pnd128608722.html
"Rehdiger, Karl von",17901796,,0,1046393693,1,0,http://www.deutsche-biographie.de/pnd1046393693.html
"Rechsteiner, Jürg",1956 - ,,0,1046378252,0,0,http://www.deutsche-biographie.de/pnd1046378252.html
"Regensperger, Leonardus",[um 1460],,0,104129468,0,0,http://www.deutsche-biographie.de/pnd104129468.html
"Reef, Sylvie",1946 - 1978,,0,1046388266,0,0,http://www.deutsche-biographie.de/pnd1046388266.html
"Regenass, René",1935 - ,,0,120519364,1,0,http://www.deutsche-biographie.de/pnd120519364.html
"Rehlinger, Johann",1537,,0,116392738,0,0,http://www.deutsche-biographie.de/pnd116392738.html
"Reich, Armund",1942 - 1979,,0,1046397125,0,0,http://www.deutsche-biographie.de/pnd1046397125.html
"Recke von der Horst, Eberhard",1847 - ,,0,116373830,0,0,http://www.deutsche-biographie.de/pnd116373830.html
"Redouté, Pierre Joseph",1759 - 1840,,0,118598899,1,0,http://www.deutsche-biographie.de/pnd118598899.html
,,,0,,0,0,http://www.deutsche-biographie.de/pnd130393568.html
"Rehbach, Anton von",1770-1775,,0,1046391712,1,0,http://www.deutsche-biographie.de/pnd1046391712.html
,,,0,,0,0,http://www.deutsche-biographie.de/pnd104932627.html
"Reich, Helena",1965 - ,,0,135688582,1,0,http://www.deutsche-biographie.de/pnd135688582.html
"Reck, Johann Jacob Christian von",1756 - ,,0,115375228,0,0,http://www.deutsche-biographie.de/pnd115375228.html
"Reed, Joseph",1741 - 1785,,0,133479242,0,0,http://www.deutsche-biographie.de/pnd133479242.html
"Raynaudus, Pontius",1502,,0,129058947,0,0,http://www.deutsche-biographie.de/pnd129058947.html
"Reich, Friedl",1947 - ,,0,1035243806,1,0,http://www.deutsche-biographie.de/pnd1035243806.html
"Rausch, Anton",1882 - 1938,,0,129866423,0,0,http://www.deutsche-biographie.de/pnd129866423.html
"Recke, Matthias",1968 - ,,0,138505241,1,0,http://www.deutsche-biographie.de/pnd138505241.html
"Raymann, Heinz Ludwig",1930,,0,126774072,0,0,http://www.deutsche-biographie.de/pnd126774072.html
"Reh, Rusalka",1970 - ,,0,133795179,1,0,http://www.deutsche-biographie.de/pnd133795179.html
"Rausch, Hans-Georg",1915 - 1993,,0,128916508,0,0,http://www.deutsche-biographie.de/pnd128916508.html
"Rehfeld, Hans-Jürgen",1948 - ,,0,118143026,1,0,http://www.deutsche-biographie.de/pnd118143026.html
"Rechlin, Eva",1928 - 2011,,0,11637327X,1,0,http://www.deutsche-biographie.de/pnd11637327X.html
"Rave, Wilhelm",1886 - 1958,,0,116367164,0,0,http://www.deutsche-biographie.de/pnd116367164.html
"Reder-Broili, Franz",1854 - 1918,,0,1038239842,1,0,http://www.deutsche-biographie.de/pnd1038239842.html
"Raus, Volker",1946 - ,,0,136088570,0,0,http://www.deutsche-biographie.de/pnd136088570.html
"Ravini, Sinziana",1976 - ,,0,135920256,0,0,http://www.deutsche-biographie.de/pnd135920256.html
"Rehder, Helmut",1905 - 1977,,0,119328135,1,0,http://www.deutsche-biographie.de/pnd119328135.html
"Rehberg, Peter",1966 - ,,0,123722950,1,0,http://www.deutsche-biographie.de/pnd123722950.html
"Reich, Christoph",1567 - 1632,,0,124821219,0,0,http://www.deutsche-biographie.de/pnd124821219.html
"Ravesteyn, Hendrik",1692 - 1749,,0,1032378581,1,0,http://www.deutsche-biographie.de/pnd1032378581.html
"Reich, Johann Christian",1740 - 1814,,0,131349953,0,0,http://www.deutsche-biographie.de/pnd131349953.html
"Reibold, Eleonora Maria von",1685 - 1707,,0,140295720,0,0,http://www.deutsche-biographie.de/pnd140295720.html
"Reffert, Thilo",1970 - ,,0,123481384,1,0,http://www.deutsche-biographie.de/pnd123481384.html
"Rauzzini, Venanzio",1746 - 1810,,0,116367032,0,0,http://www.deutsche-biographie.de/pnd116367032.html
,,,0,,0,0,http://www.deutsche-biographie.de/pnd124575935.html
"Ravitch, Melech",1893 - 1976,,0,11901002X,0,0,http://www.deutsche-biographie.de/pnd11901002X.html
"Reepel, Hertha",1920 - 1988,,0,1046388347,0,0,http://www.deutsche-biographie.de/pnd1046388347.html
"Rehfeld, Paul",1688 - 1753,,0,1019755741,1,0,http://www.deutsche-biographie.de/pnd1019755741.html
"Rehmann, Joseph Xaver",1753 - 1823,,0,120956470,0,0,http://www.deutsche-biographie.de/pnd120956470.html
"Read, Catherine",1723 - 1778,,0,124459234,0,0,http://www.deutsche-biographie.de/pnd124459234.html
"Rebenstein, Carl Gottlieb",1795 - 1832,,0,116368411,0,0,http://www.deutsche-biographie.de/pnd116368411.html
"Rech, Friedrich Christoph",1771 - ,,0,1019755865,1,0,http://www.deutsche-biographie.de/pnd1019755865.html
"Rehberger, Johann",1692,,0,129518212,1,0,http://www.deutsche-biographie.de/pnd129518212.html
"Ravenstein, Johann Theodore von",1889 - ,,0,124999751,0,0,http://www.deutsche-biographie.de/pnd124999751.html
"Ray, John",1627 - 1705,,0,118788000,0,0,http://www.deutsche-biographie.de/pnd118788000.html
"Redlinger, Thilo",1969 - 1988,,0,1046386514,0,0,http://www.deutsche-biographie.de/pnd1046386514.html
"Rehse, Bernhart",1875 - ,,0,11639370X,0,0,http://www.deutsche-biographie.de/pnd11639370X.html
,,,0,,0,0,http://www.deutsche-biographie.de/pnd115471723.html
"Regnault, Jean-Baptiste",1754 - 1829,,0,122448219,0,0,http://www.deutsche-biographie.de/pnd122448219.html
,,,0,,0,0,http://www.deutsche-biographie.de/pnd129536202.html
,,,0,,0,0,http://www.deutsche-biographie.de/pnd12981086X.html
"Reichardt, Achim",1929 - ,,0,131519638,0,0,http://www.deutsche-biographie.de/pnd131519638.html
"Rechenberg, Johann Georg von",1610 - 1664,,0,120159481,1,0,http://www.deutsche-biographie.de/pnd120159481.html
"Regeniter, Anna",1975 - ,,0,132973073,0,0,http://www.deutsche-biographie.de/pnd132973073.html
"Reich, Thomas",1536,,0,1019755849,1,0,http://www.deutsche-biographie.de/pnd1019755849.html
"Recheis, Käthe",1928 - ,,0,119330490,1,0,http://www.deutsche-biographie.de/pnd119330490.html
"Rehlingen, Dionysius von",1610 - 1692,,0,120163667,0,0,http://www.deutsche-biographie.de/pnd120163667.html
"Reese, Carl August Ferdinand",1825 - 1882,,0,1018829628,1,0,http://www.deutsche-biographie.de/pnd1018829628.html
"Rausche, Carl Theodor",1807 - 1849,,0,1012759342,1,0,http://www.deutsche-biographie.de/pnd1012759342.html
"Reggianini, Vittorio",1858 - 1938,,0,1041851421,0,0,http://www.deutsche-biographie.de/pnd1041851421.html
"Rees, Merlyn",1920 - 2006,,0,118895303,0,0,http://www.deutsche-biographie.de/pnd118895303.html
"Raulff, Ulrich",1950 - ,,0,115860614,1,0,http://www.deutsche-biographie.de/pnd115860614.html
"Rayski, Ludomił A.",1882 - 1977,,0,11925185X,0,0,http://www.deutsche-biographie.de/pnd11925185X.html
"Rauschning, Erika",1923 - ,,0,121509362,1,0,http://www.deutsche-biographie.de/pnd121509362.html
"Rave, Christopher",1881 - 1993,,0,102245266,1,0,http://www.deutsche-biographie.de/pnd102245266.html
"Reen, Sten",1961 - ,,0,140814485,0,0,http://www.deutsche-biographie.de/pnd140814485.html
"Rebmann, Jutta",1943 - ,,0,118027530,1,0,http://www.deutsche-biographie.de/pnd118027530.html
,,,0,,0,0,http://www.deutsche-biographie.de/pnd118743708.html
"Raynaud, Théophile",1583 - 1663,,0,100122051,0,0,http://www.deutsche-biographie.de/pnd100122051.html
"Rayger, Wilhelm",1649-1656,,0,124740243,1,0,http://www.deutsche-biographie.de/pnd124740243.html
"Rehn, Olli",1962 - ,,0,132271265,0,0,http://www.deutsche-biographie.de/pnd132271265.html
"Rault, Antoine",1965 - ,,0,142467162,1,0,http://www.deutsche-biographie.de/pnd142467162.html
"Reiber, Carolin",1940 - ,,0,137512546,1,0,http://www.deutsche-biographie.de/pnd122358317.html
"Rehmann, Joseph",1801,,0,1046396323,0,0,http://www.deutsche-biographie.de/pnd1046396323.html
"Recki, Birgit",1954 - ,,0,115711740,1,0,http://www.deutsche-biographie.de/pnd115711740.html
"Rebello, Luiz Francisco",1924 - 2011,,0,116368373,0,0,http://www.deutsche-biographie.de/pnd116368373.html
"Regener, Sven",1961 - ,,0,124928048,1,0,http://www.deutsche-biographie.de/pnd124928048.html
Reginaldus <Rempelkofer>,[gest. 1486],,0,104118849,0,0,http://www.deutsche-biographie.de/pnd104118849.html
"Rehn, Oliver",1961 - 1984,,0,1046396811,0,0,http://www.deutsche-biographie.de/pnd1046396811.html
,,,0,,0,0,http://www.deutsche-biographie.de/pnd141450428.html
Reginaldus <de Priverno>,[gest. 1290],,0,102520771,0,0,http://www.deutsche-biographie.de/pnd102520771.html
"Redenius, Hans Tönjes",1939 - ,,0,122640071,1,0,http://www.deutsche-biographie.de/pnd122640071.html
"Raymond, Jean",1695 - 1766,,0,1037862872,1,0,http://www.deutsche-biographie.de/pnd1037862872.html
Raymond <du Puy>,1083 - 1160,,0,1013228065,1,0,http://www.deutsche-biographie.de/pnd1013228065.html
"Recknagel, Otto",1845 - ,,0,116374055,0,0,http://www.deutsche-biographie.de/pnd116374055.html
"Reed, Isaac",1742 - 1807,,0,118918494,0,0,http://www.deutsche-biographie.de/pnd118918494.html
"Razumovskij, Georgij P.",1936 - ,,0,112001106,0,0,http://www.deutsche-biographie.de/pnd112001106.html
"Recknagel, Helmut",1937 - ,,0,118743651,0,0,http://www.deutsche-biographie.de/pnd118743651.html
"Regnier, Adolphe",1804 - 1884,,0,104124075,0,0,http://www.deutsche-biographie.de/pnd104124075.html
,,,0,,0,0,http://www.deutsche-biographie.de/pnd11942424X.html
"Rehhahn, Johann",1830,,0,121242765,1,0,http://www.deutsche-biographie.de/pnd121242765.html
Raymond <Diocrès>,1082,,0,1030032483,1,0,http://www.deutsche-biographie.de/pnd1030032483.html
"Rechklau, Marx",1566,,0,1021380393,1,0,http://www.deutsche-biographie.de/pnd1021380393.html
"Rehlingen, Anton Christoph von",1576 - 1632,,0,1019727861,0,0,http://www.deutsche-biographie.de/pnd1019727861.html
"Recknagel, Rolf",1918 - 2006,,0,116374063,1,0,http://www.deutsche-biographie.de/pnd116374063.html
"Rehfues, Caroline von",1799 - 1892,,0,116392487,0,0,http://www.deutsche-biographie.de/pnd116392487.html
,,,0,,0,0,http://www.deutsche-biographie.de/pnd101994501X.html
"Reese, Oliver",1964 - ,,0,133225151,0,0,http://www.deutsche-biographie.de/pnd133225151.html
"Rehse, Udo",1942 - 1968,,0,1046397001,0,0,http://www.deutsche-biographie.de/pnd1046397001.html
,,,0,,0,0,http://www.deutsche-biographie.de/pnd132476150.html
"Regel, Ingo",1951 - ,,0,130316725,1,0,http://www.deutsche-biographie.de/pnd130316725.html
"Reding, Josef",1929 - ,,0,118598880,0,0,http://www.deutsche-biographie.de/pnd118598880.html
Regianus <Poeta>,[5. bzw. 5./6. Jh.],,0,102389004,0,0,http://www.deutsche-biographie.de/pnd102389004.html
"Regnard, Jean François",1655 - 1709,,0,118788124,0,0,http://www.deutsche-biographie.de/pnd118788124.html
"Reich, Konrad",1928 - 2010,,0,131553518,1,0,http://www.deutsche-biographie.de/pnd131553518.html
