name,date,leben,lengthleben,idn,iplace,ibio,url
"Gülich, Tobias",1981 - ,,0,1016808976,1,0,http://www.deutsche-biographie.de/pnd1016808976.html
"Götsch, Joseph",1728-17931793,,0,118695975,1,0,http://www.deutsche-biographie.de/pnd118695975.html
"Haage, Ulrike",1957 - ,,0,123539501,1,0,http://www.deutsche-biographie.de/pnd123539501.html
"Güttler, Ludwig",1943 - ,,0,124623182,1,0,http://www.deutsche-biographie.de/pnd124623182.html
"Göbel, Emanuel Traugott",1751 - ,,0,1025719913,1,0,http://www.deutsche-biographie.de/pnd1025719913.html
"Haag, Paul",1914-1940,,0,133012069,1,0,http://www.deutsche-biographie.de/pnd133012069.html
"Güntter, Thomas",1956 - ,,0,114922616,0,0,http://www.deutsche-biographie.de/pnd114922616.html
"Gómez, Pedro Nel",1899 - 1984,,0,135634547,0,0,http://www.deutsche-biographie.de/pnd135634547.html
"Günther, Georg",1891 - 1969,,0,1041588232,1,0,http://www.deutsche-biographie.de/pnd1041588232.html
"Gündel-Knacke, Emma",1889 - 1968,,0,140235523,1,0,http://www.deutsche-biographie.de/pnd140235523.html
"Güllen, Kaspar",1591 - 1671,,0,1019729937,1,0,http://www.deutsche-biographie.de/pnd1019729937.html
"Günther, Joachim",20. Jh.,,0,133267830,0,0,http://www.deutsche-biographie.de/pnd133267830.html
"Gülchen, Johann Ulrich von",1664 - 1730,,0,117576077,0,0,http://www.deutsche-biographie.de/pnd117576077.html
"Günther, Oscar Heinrich",1861 - 1945,,0,129909653,1,0,http://www.deutsche-biographie.de/pnd129909653.html
"Göbel, Cornelius",1611 - 1654,,0,12341265X,0,0,http://www.deutsche-biographie.de/pnd12341265X.html
"Götz, Wilhelm",1670,,0,1021202754,1,0,http://www.deutsche-biographie.de/pnd1021202754.html
"Götz, Robert",1894 - ,,0,1030358427,0,0,http://www.deutsche-biographie.de/pnd1030358427.html
"Götz, Sebastian",1575 - 1621,,0,123687802,1,0,http://www.deutsche-biographie.de/pnd123687802.html
"Göbels, Hubert",1905 - 1997,,0,118695673,0,0,http://www.deutsche-biographie.de/pnd118695673.html
"Haacker, Klaus",1942 - ,,0,115842802,1,0,http://www.deutsche-biographie.de/pnd115842802.html
"Götzenius, Johannes",1573 - 1652,,0,121593940,0,0,http://www.deutsche-biographie.de/pnd121593940.html
"Güldenstein, Albert",1822 - 1891,,0,1012268314,1,0,http://www.deutsche-biographie.de/pnd1012268314.html
"Gödel, F.",1899[19. Jh.],,0,1041604874,0,0,http://www.deutsche-biographie.de/pnd1041604874.html
"Götz, Carl",1862 - 1932,,0,1025801938,1,0,http://www.deutsche-biographie.de/pnd1025801938.html
"Güntner, Joachim",1960 - ,,0,115697160,0,0,http://www.deutsche-biographie.de/pnd115697160.html
"Göz, Elias",1696,,0,13163691X,1,0,http://www.deutsche-biographie.de/pnd13163691X.html
"Göttner, Heide Solveig",1969 - ,,0,13148379X,1,0,http://www.deutsche-biographie.de/pnd13148379X.html
"Göderitz, Johannes",1888 - 1978,,0,118695703,0,0,http://www.deutsche-biographie.de/pnd118695703.html
"Haack, A.",1879[19. Jh.],,0,1042639531,1,0,http://www.deutsche-biographie.de/pnd1042639531.html
"Günsberg, Alexander",1952 - ,,0,1038455650,1,0,http://www.deutsche-biographie.de/pnd1038455650.html
"Göring, Michael",1956 - ,,0,111146178,1,0,http://www.deutsche-biographie.de/pnd111146178.html
"Gönnenwein, Wolfgang",1933 - ,,0,124624103,1,0,http://www.deutsche-biographie.de/pnd124624103.html
"Günther-Schwerin, Leopold",1865 - 1945,,0,127684565,1,0,http://www.deutsche-biographie.de/pnd127684565.html
"Güldenstein, W. P.",1937,,0,127682449,0,0,http://www.deutsche-biographie.de/pnd127682449.html
"Haack, Dieter",1934 - ,,0,130118451,1,0,http://www.deutsche-biographie.de/pnd130118451.html
"Götschler, Johannes",[16. Jh.],,0,132933004,0,0,http://www.deutsche-biographie.de/pnd132933004.html
"Güldenberg, Eckart",1943 - ,,0,109142225,0,0,http://www.deutsche-biographie.de/pnd109142225.html
"Haag, Heinrich",1879 - ,,0,13000314X,0,0,http://www.deutsche-biographie.de/pnd13000314X.html
"Gütt, Arthur",1891 - 1949,,0,124419747,0,0,http://www.deutsche-biographie.de/pnd124419747.html
"Götz, Clara",1657 - 1680,,0,142693847,1,0,http://www.deutsche-biographie.de/pnd142693847.html
"Günther, Henry",1951 - ,,0,122113926,0,0,http://www.deutsche-biographie.de/pnd122113926.html
"Gättke, Walter",1896 - 1967,,0,116337400,1,0,http://www.deutsche-biographie.de/pnd116337400.html
"Güttner, Johann Gabriel",1678 - 1740,,0,143271733,0,0,http://www.deutsche-biographie.de/pnd143271733.html
"Gödelmann, Catharina",1587 - 1620,,0,129697192,0,0,http://www.deutsche-biographie.de/pnd129697192.html
"Haag, Carl",1820 - 1915,,0,123154197,1,0,http://www.deutsche-biographie.de/pnd123154197.html
,,,0,,0,0,http://www.deutsche-biographie.de/pnd1024400573.html
"Götte, Heinrich",1815 - ,,0,1034736442,0,0,http://www.deutsche-biographie.de/pnd1034736442.html
"Haacke, Hans",1936 - ,,0,118699644,1,0,http://www.deutsche-biographie.de/pnd118699644.html
"Göttinger, Juliane",1962 - ,,0,124209564,0,0,http://www.deutsche-biographie.de/pnd124209564.html
"Görne, Eberhardina von",1675 - 1703,,0,1025749340,1,0,http://www.deutsche-biographie.de/pnd1025749340.html
,,,0,,0,0,http://www.deutsche-biographie.de/pnd129977233.html
"Götz, Sigmund Friedrich von",1619 - 1652,,0,1030504326,0,0,http://www.deutsche-biographie.de/pnd1030504326.html
"Géramb, Marie-Joseph de",1772 - 1848,,0,117536334,1,0,http://www.deutsche-biographie.de/pnd117536334.html
,,,0,,0,0,http://www.deutsche-biographie.de/pnd120732947.html
"Göser, Simon",1735 - 1816,,0,119492415,0,0,http://www.deutsche-biographie.de/pnd119492415.html
"Göschel, Eberhard",1943 - ,,0,119078090,1,0,http://www.deutsche-biographie.de/pnd119078090.html
"Göbel, Johann Georg",1671-1751,,0,130420859,1,0,http://www.deutsche-biographie.de/pnd130420859.html
"Gómez, José Luis",1940 - ,,0,1020415231,0,0,http://www.deutsche-biographie.de/pnd1020415231.html
"Géry, André-Guillaume de",1727 - 1786,,0,100147518,1,0,http://www.deutsche-biographie.de/pnd100147518.html
"Göriz, M.",1845[19. Jh.],,0,1041602642,0,0,http://www.deutsche-biographie.de/pnd1041602642.html
"Günther, Johann Adam",1758 - 1799,,0,1018972846,1,0,http://www.deutsche-biographie.de/pnd1018972846.html
"Güntner, Gerald",1941 - ,,0,1034316478,1,0,http://www.deutsche-biographie.de/pnd1034316478.html
"Haak, Georg Marcell",1652 - 1715,,0,1012563081,1,0,http://www.deutsche-biographie.de/pnd1012563081.html
"Görgl, Alfred",1908 - ,,0,10217993X,0,0,http://www.deutsche-biographie.de/pnd10217993X.html
"Güthe, Johann Sebastian",1628 - 1677,,0,115509852,1,0,http://www.deutsche-biographie.de/pnd115509852.html
"Götz, Leonhard",[16. Jh.],,0,1021203459,0,0,http://www.deutsche-biographie.de/pnd1021203459.html
"Göpffert, Br.",1760 - 1788,,0,131893998,1,0,http://www.deutsche-biographie.de/pnd131893998.html
"Görbert, Johannes",1981 - ,,0,13905040X,1,0,http://www.deutsche-biographie.de/pnd13905040X.html
"Haaksman, Daniel",1968 - ,,0,121861635,0,0,http://www.deutsche-biographie.de/pnd121861635.html
,,,0,,0,0,http://www.deutsche-biographie.de/pnd101000596.html
"Haaf, Susanne",1982 - ,,0,1046109774,1,0,http://www.deutsche-biographie.de/pnd1046109774.html
H. <Koflin Constantiensis>,[14./15. Jh.],,0,102475601,0,0,http://www.deutsche-biographie.de/pnd102475601.html
,,,0,,0,0,http://www.deutsche-biographie.de/pnd14058840X.html
"Günther <XLIII., Schwarzburg-Sondershausen, Fürst>",1678 - 1740,,0,104183349,0,0,http://www.deutsche-biographie.de/pnd104183349.html
"Göringer, Georg Christoph",1661,,0,132479834,0,0,http://www.deutsche-biographie.de/pnd132479834.html
"Günzel, Johann Albrecht Rudolph",1750[18. Jh.],,0,104158847X,0,0,http://www.deutsche-biographie.de/pnd104158847X.html
"Gülay, Cem",1970 - ,,0,139552014,1,0,http://www.deutsche-biographie.de/pnd139552014.html
"Gössmann, Hilaria",1957 - ,,0,120996383,0,0,http://www.deutsche-biographie.de/pnd120996383.html
"Görss, Rainer",1960 - ,,0,119030004,1,0,http://www.deutsche-biographie.de/pnd119030004.html
"Göritz, Stephan",1960 - ,,0,1014329833,0,0,http://www.deutsche-biographie.de/pnd1014329833.html
"Günther, Lothar",1947 - ,,0,1038456568,1,0,http://www.deutsche-biographie.de/pnd1038456568.html
,,,0,,0,0,http://www.deutsche-biographie.de/pnd123753821.html
"Göpel, Karl",1839-18741891,,0,116705108,1,0,http://www.deutsche-biographie.de/pnd116705108.html
"Günzel, Hans-Georg",1931 - ,,0,1038457300,0,0,http://www.deutsche-biographie.de/pnd1038457300.html
"Göttling, Fr.",1861[19. Jh.],,0,1041602480,0,0,http://www.deutsche-biographie.de/pnd1041602480.html
"Göttlingk, Nikolaus",1608 - 1679,,0,1021205958,1,0,http://www.deutsche-biographie.de/pnd1021205958.html
"Günther, Klaus",1957 - ,,0,142879975,1,0,http://www.deutsche-biographie.de/pnd142879975.html
"Gömbös, Gyula",1886 - 1936,,0,123390532,0,0,http://www.deutsche-biographie.de/pnd123390532.html
"Günther Friedrich Karl <II., Schwarzburg-Sondershausen, Fürst>",1801 - 1889,,0,117379042,1,0,http://www.deutsche-biographie.de/pnd117379042.html
"Götz, Johannes",1865 - 1934,,0,116739428,0,0,http://www.deutsche-biographie.de/pnd116739428.html
"Görög, Demeter von",1760 - 1833,,0,130812676,1,0,http://www.deutsche-biographie.de/pnd130812676.html
"Günzel, Klaus",1936 - 2007,,0,122684559,1,0,http://www.deutsche-biographie.de/pnd122684559.html
,,,0,,0,0,http://www.deutsche-biographie.de/pnd14088436X.html
"Günther, Ch.",1769 - 1769-1824,,0,1035017717,1,0,http://www.deutsche-biographie.de/pnd1035017717.html
"Götze, Georg Heinrich",1667 - 1728,,0,100818633,1,0,http://www.deutsche-biographie.de/pnd100818633.html
"Gérard, Philippe Louis",1737 - 1813,,0,100142311,0,0,http://www.deutsche-biographie.de/pnd100142311.html
,,,0,,0,0,http://www.deutsche-biographie.de/pnd136687997.html
"Göschl, Peter",1947 - ,,0,1038463653,0,0,http://www.deutsche-biographie.de/pnd1038463653.html
"Güthert, Harry",1912 - 1989,,0,118699016,1,0,http://www.deutsche-biographie.de/pnd118699016.html
"Güttler, Peter Götz",1939 - ,,0,121418294,1,0,http://www.deutsche-biographie.de/pnd121418294.html
"Haage, Annemarie",1917 - ,,0,126891613,0,0,http://www.deutsche-biographie.de/pnd126891613.html
"Günther, Gero",1966 - ,,0,143749277,1,0,http://www.deutsche-biographie.de/pnd143749277.html
"Götz, Andreas",[17. Jh.],,0,1021203653,1,0,http://www.deutsche-biographie.de/pnd1021203653.html
"Haage, Rudolf",1836 - 1911,,0,1013698878,1,0,http://www.deutsche-biographie.de/pnd1013698878.html
"Götze, Martin",1865 - 1928,,0,142257982,1,0,http://www.deutsche-biographie.de/pnd142257982.html
"Göbel, Nikolaus",1587 - 1639,,0,1019729708,0,0,http://www.deutsche-biographie.de/pnd1019729708.html
"Haag, Gottlob",1926 - 2008,,0,11634489X,0,0,http://www.deutsche-biographie.de/pnd11634489X.html
"Götz, Julius",1891 - 1963,,0,118722751,0,0,http://www.deutsche-biographie.de/pnd118722751.html
"Götsch, Matthäus",1650-1660,,0,129123919,0,0,http://www.deutsche-biographie.de/pnd129123919.html
"Güntzel, Gottfried",1670-1691[17. Jh.],,0,1037522206,0,0,http://www.deutsche-biographie.de/pnd1037522206.html
"Haarkötter, Micha Hektor",1968 - ,,0,133434303,1,0,http://www.deutsche-biographie.de/pnd133434303.html
"Görlitz, Christian",1944 - ,,0,137656130,1,0,http://www.deutsche-biographie.de/pnd137656130.html
"Gürtler, Stephan",1969 - ,,0,1037762460,0,0,http://www.deutsche-biographie.de/pnd1037762460.html
"Göhring, Mario",1968 - ,,0,103846269X,0,0,http://www.deutsche-biographie.de/pnd103846269X.html
"Güler, Kadriye",1965 - ,,0,1038454883,0,0,http://www.deutsche-biographie.de/pnd1038454883.html
"Görg, Patricia",1960 - ,,0,121908712,0,0,http://www.deutsche-biographie.de/pnd121908712.html
"Göckingk, Sophie",1743 - 1781,,0,116700041,0,0,http://www.deutsche-biographie.de/pnd116700041.html
"Haar, Werner",1948[20. Jh.],,0,1050906152,0,0,http://www.deutsche-biographie.de/pnd1050906152.html
"Gómez, Máximo",1836 - 1905,,0,118860526,0,0,http://www.deutsche-biographie.de/pnd118860526.html
"Götzger, Heinrich",1900 - 1983,,0,116745053,0,0,http://www.deutsche-biographie.de/pnd116745053.html
"Günther, Andreas",1634 - 1709,,0,116911565,0,0,http://www.deutsche-biographie.de/pnd116911565.html
"Görtz, Adolf",1920 - 1956-1957,,0,118931997,1,0,http://www.deutsche-biographie.de/pnd118931997.html
"Günther, Johannes",1896 - 1984,,0,12205265X,0,0,http://www.deutsche-biographie.de/pnd12205265X.html
"Gülzow, Claudia",1977 - ,,0,1042970793,0,0,http://www.deutsche-biographie.de/pnd1042970793.html
"Gödrös, Matyas",1937 - ,,0,1049513746,1,0,http://www.deutsche-biographie.de/pnd1049513746.html
"Göbbels, Matthias",1836 - 1911,,0,119178788,1,0,http://www.deutsche-biographie.de/pnd119178788.html
"Görtz, Hans-Helmut",1950 - ,,0,133825620,0,0,http://www.deutsche-biographie.de/pnd133825620.html
"Haakh, Hermann",1881 - ,,0,117757519,0,0,http://www.deutsche-biographie.de/pnd117757519.html
"Haarhaus, Otto",1914[19./20. Jh.],,0,1050906225,0,0,http://www.deutsche-biographie.de/pnd1050906225.html
"Günther, Agunde",1958,,0,116911468,0,0,http://www.deutsche-biographie.de/pnd116911468.html
"Gül, Abdullah",1950 - ,,0,129794678,0,0,http://www.deutsche-biographie.de/pnd129794678.html
"Gürsözlü, Nilgün",1954 - ,,0,1038457432,0,0,http://www.deutsche-biographie.de/pnd1038457432.html
"Haake, Johann Daniel",1651 - 1705,,0,116346086,1,0,http://www.deutsche-biographie.de/pnd116346086.html
"Göbel, Johann Jakob",1787 - 1848,,0,13645013X,1,0,http://www.deutsche-biographie.de/pnd13645013X.html
"Günther, Dirk",1969 - ,,0,1033672831,0,0,http://www.deutsche-biographie.de/pnd1033672831.html
"Günther, Jens-Uwe",1937 - ,,0,124870465,1,0,http://www.deutsche-biographie.de/pnd124870465.html
"Günther, Joachim",1955 - ,,0,120860570,1,0,http://www.deutsche-biographie.de/pnd120860570.html
"Günther, Hanno",1921 - 1942,,0,11907558X,0,0,http://www.deutsche-biographie.de/pnd11907558X.html
"Gütter, W.",1803[18./19. Jh.],,0,1041599447,1,0,http://www.deutsche-biographie.de/pnd1041599447.html
"Göler von Ravensburg, Wolfgang Albert",1616 - 1636,,0,122021541,0,0,http://www.deutsche-biographie.de/pnd122021541.html
"Géraldy, Paul",1885 - 1983,,0,116563834,1,0,http://www.deutsche-biographie.de/pnd116563834.html
"Haake, Paul",1873 - 1950,,0,116346094,0,0,http://www.deutsche-biographie.de/pnd116346094.html
"Güte, Heinrich Ernst",1754 - 1805,,0,104057777,1,0,http://www.deutsche-biographie.de/pnd104057777.html
"Güleç, Sadullah",1960 - ,,0,1038454670,0,0,http://www.deutsche-biographie.de/pnd1038454670.html
"Gómez Dávila, Nicolás",1913 - 1994,,0,128658088,0,0,http://www.deutsche-biographie.de/pnd128658088.html
"Haacke, Ernst",1909,,0,116344199,0,0,http://www.deutsche-biographie.de/pnd116344199.html
"Götz, Theodor",1779 - 1853,,0,129554731,1,0,http://www.deutsche-biographie.de/pnd129554731.html
"Göth, Monika",1936 - ,,0,103846417X,1,0,http://www.deutsche-biographie.de/pnd103846417X.html
"Haas, ...",1888[19. Jh.],,0,1042719284,1,0,http://www.deutsche-biographie.de/pnd1042719284.html
"Götzinger, Johann",1699,,0,121569039,0,0,http://www.deutsche-biographie.de/pnd121569039.html
"Göttel, Sabine",1961 - ,,0,173104959,0,0,http://www.deutsche-biographie.de/pnd173104959.html
HMHB,1967 - ,,0,1038832004,0,0,http://www.deutsche-biographie.de/pnd1038832004.html
,,,0,,0,0,http://www.deutsche-biographie.de/pnd120928957.html
"Haan, Otto",1914,,0,127690166,0,0,http://www.deutsche-biographie.de/pnd127690166.html
"Güldner, Edward",1965 - ,,0,122868013,0,0,http://www.deutsche-biographie.de/pnd122868013.html
"Günzel-Horatz, Renate",1943 - ,,0,124273718,1,0,http://www.deutsche-biographie.de/pnd124273718.html
"Görgen, Heinz",1890 - ,,0,1032384492,0,0,http://www.deutsche-biographie.de/pnd1032384492.html
"Göppert, Otto",1872 - 1943,,0,133570754,0,0,http://www.deutsche-biographie.de/pnd133570754.html
"Góngora y Argote, Luis de",1561 - 1627,,0,11854070X,0,0,http://www.deutsche-biographie.de/pnd11854070X.html
"Gössler, Roland",1938,,0,126353956,0,0,http://www.deutsche-biographie.de/pnd126353956.html
"Götze, Raimund",1921,,0,12822861X,0,0,http://www.deutsche-biographie.de/pnd12822861X.html
,,,0,,0,0,http://www.deutsche-biographie.de/pnd138093326.html
"Göchhausen, Esther",1637,,0,120472392,0,0,http://www.deutsche-biographie.de/pnd120472392.html
"Géza <Ungarn, Fürst>",[945] - [997],,0,130402532,0,0,http://www.deutsche-biographie.de/pnd130402532.html
"Gühlstorff, Nina",1977 - ,,0,139667369,0,0,http://www.deutsche-biographie.de/pnd139667369.html
"Günther, Ernst Julius",1870-18761888,,0,116911352,1,0,http://www.deutsche-biographie.de/pnd116911352.html
,,,0,,0,0,http://www.deutsche-biographie.de/pnd133695816.html
"Gölter, Waltraud",1944 - 2000,,0,108689441,0,0,http://www.deutsche-biographie.de/pnd108689441.html
,,,0,,0,0,http://www.deutsche-biographie.de/pnd127001255.html
"Götze, Christian",1645 - 1708,,0,133404935,1,0,http://www.deutsche-biographie.de/pnd133404935.html
"Gürtzig, Erich",1913 - 1993,,0,130098906,1,0,http://www.deutsche-biographie.de/pnd130098906.html
"Görs, Hans-Albert",1910 - 1978,,0,1030242887,0,0,http://www.deutsche-biographie.de/pnd1030242887.html
"Görler, Ingeborg",1937 - ,,0,122229134,0,0,http://www.deutsche-biographie.de/pnd122229134.html
"Götsch, Katharina",1982 - ,,0,132735024,0,0,http://www.deutsche-biographie.de/pnd132735024.html
"Götz-Bellmer, Monika",1945 - ,,0,13060478X,1,0,http://www.deutsche-biographie.de/pnd13060478X.html
"Gómez de Castro, Alvaro",1523 - 1580,,0,100151892,0,0,http://www.deutsche-biographie.de/pnd100151892.html
Gérard <d'Amiens>,1277-1282,,0,118962345,0,0,http://www.deutsche-biographie.de/pnd118962345.html
"Göbel, Bernd",1942 - ,,0,119129566,0,0,http://www.deutsche-biographie.de/pnd119129566.html
"Göhrum, Kurt",1891 - 1953,,0,143951114,1,0,http://www.deutsche-biographie.de/pnd143951114.html
"Göbel, Johann Emanuel",1720 - 1759,,0,1037337131,1,0,http://www.deutsche-biographie.de/pnd1037337131.html
"Górski, Jakub",1525 - 1585,,0,118964941,0,0,http://www.deutsche-biographie.de/pnd118964941.html
"Haarmann, Rolf",1951 - ,,0,103811912X,0,0,http://www.deutsche-biographie.de/pnd103811912X.html
"Göbel, Johann Conrad",1623 - 1667,,0,115615091,1,0,http://www.deutsche-biographie.de/pnd115615091.html
"Haacken, Frans",1911 - 1979,,0,13799883X,0,0,http://www.deutsche-biographie.de/pnd13799883X.html
"Haar, Heinrich von der",1948 - ,,0,109333896,1,0,http://www.deutsche-biographie.de/pnd109333896.html
"Gümpel, Johann Nikolaus",1786,,0,121922774,1,0,http://www.deutsche-biographie.de/pnd121922774.html
"Göbel, Theodosius",1637 - 1696,,0,1019730552,1,0,http://www.deutsche-biographie.de/pnd1019730552.html
"Haack, Friedrich von",1869 - 1940,,0,13343706X,0,0,http://www.deutsche-biographie.de/pnd13343706X.html
,,,0,,0,0,http://www.deutsche-biographie.de/pnd135666066.html
"Götz, Alexander",1928 - ,,0,119340089,0,0,http://www.deutsche-biographie.de/pnd119340089.html
"Güntherr, Joseph",1751-1800[18. Jh.],,0,1041588364,0,0,http://www.deutsche-biographie.de/pnd1041588364.html
"Gössele, Karl Giselher",1902 - 1996,,0,116732083,0,0,http://www.deutsche-biographie.de/pnd116732083.html
"Haack, Hans-Peter",1940 - ,,0,138836868,1,0,http://www.deutsche-biographie.de/pnd138836868.html
"Günther, Johann Heinrich",1650 - 1725,,0,103524425X,1,0,http://www.deutsche-biographie.de/pnd103524425X.html
"Haardt, Alexander",1948 - ,,0,11329221X,1,0,http://www.deutsche-biographie.de/pnd11329221X.html
"Göpel, Claudia",1965 - ,,0,103846319X,1,0,http://www.deutsche-biographie.de/pnd103846319X.html
"Görtz, Anne-Felicitas",1953 - ,,0,122316010,0,0,http://www.deutsche-biographie.de/pnd122316010.html
"Göltenboth, Dieter",1933 - 2013,,0,129011886,1,0,http://www.deutsche-biographie.de/pnd129011886.html
"Göhl, Iris",1963 - ,,0,1038462304,0,0,http://www.deutsche-biographie.de/pnd1038462304.html
"Gütter, Ernst",1928 - ,,0,172109175,0,0,http://www.deutsche-biographie.de/pnd172109175.html
"Gémier, Firmin",1869 - 1933,,0,118956582,1,0,http://www.deutsche-biographie.de/pnd118956582.html
H. <de Brox>,[ca. 14. Jh.],,0,102422532,0,0,http://www.deutsche-biographie.de/pnd102422532.html
,,,0,,0,0,http://www.deutsche-biographie.de/pnd134262875.html
"Güldenstein, Matthias",1939 - ,,0,111167744,1,0,http://www.deutsche-biographie.de/pnd111167744.html
"Gündisch, Mathilde",1935 - ,,0,1038455472,1,0,http://www.deutsche-biographie.de/pnd1038455472.html
"Günther, Nina",1835 - 1905,,0,1038456940,0,0,http://www.deutsche-biographie.de/pnd1038456940.html
"Haakman, Hermanus",1776 - 1840,,0,122238044,0,0,http://www.deutsche-biographie.de/pnd122238044.html
"Göpner, Wolfgang",1603 - 1667,,0,115828893,0,0,http://www.deutsche-biographie.de/pnd115828893.html
"Haack, Hermann",1940 - ,,0,121542890,0,0,http://www.deutsche-biographie.de/pnd121542890.html
"Günther, Florian",1826,,0,1038456207,1,0,http://www.deutsche-biographie.de/pnd1038456207.html
"Göckel, Veit Ludwig",1629 - 1699,,0,116699442,1,0,http://www.deutsche-biographie.de/pnd116699442.html
Günther <von Mosbach>,[Person des Mittelalters],,0,103101314,0,0,http://www.deutsche-biographie.de/pnd103101314.html
"Haaren, Hinrich von",1964 - ,,0,142174521,1,0,http://www.deutsche-biographie.de/pnd142174521.html
"Gätschenberger, Stephan",1823 - 1882,,0,116337397,0,0,http://www.deutsche-biographie.de/pnd116337397.html
"Günther, Tobias",1755 - 1810,,0,1012268357,1,0,http://www.deutsche-biographie.de/pnd1012268357.html
"Gößling, Andreas",1958 - ,,0,122051521,1,0,http://www.deutsche-biographie.de/pnd122051521.html
"Mertens, Christel",1955 - 1987-2005,,0,1044336846,1,0,http://www.deutsche-biographie.de/pnd1044336846.html
"Mesia Bedoya, Alonso",1685 - 1732,,0,174138067,0,0,http://www.deutsche-biographie.de/pnd174138067.html
"Mengershausen, Franz Andreas von",1764 - 1798,,0,1032933615,0,0,http://www.deutsche-biographie.de/pnd1032933615.html
"Memmo, Marcantonio",1536 - 1615,,0,1012023516,1,0,http://www.deutsche-biographie.de/pnd1012023516.html
,,,0,,0,0,http://www.deutsche-biographie.de/pnd121008177.html
"Mertens, Hans Willy",1866 - 1921,,0,11690545X,1,0,http://www.deutsche-biographie.de/pnd11690545X.html
"Menčetić Vlahović, Šišmundo",[1457 - 1527],,0,103126147,0,0,http://www.deutsche-biographie.de/pnd103126147.html
"Merius, Johannes",1598 - 1652,,0,1032632402,0,0,http://www.deutsche-biographie.de/pnd1032632402.html
"Messalina <Römisches Reich, Kaiserin>",[25] - [48],,0,118511114,0,0,http://www.deutsche-biographie.de/pnd118511114.html
"Mer, Francis",1939 - ,,0,129896020,0,0,http://www.deutsche-biographie.de/pnd129896020.html
"Merkelbach, Matthias",1963 - ,,0,1044333677,1,0,http://www.deutsche-biographie.de/pnd1044333677.html
Menas <Aegyptius>,[4. Jh.],,0,102388482,0,0,http://www.deutsche-biographie.de/pnd102388482.html
Menyllus <Historicus>,[Person der Antike],,0,102399387,0,0,http://www.deutsche-biographie.de/pnd102399387.html
"Mersberg, Julius Neidthardt von",1627-16421642,,0,101752128X,0,0,http://www.deutsche-biographie.de/pnd101752128X.html
"Merkert, Beatrix",1961 - 1988-2008,,0,1044334045,0,0,http://www.deutsche-biographie.de/pnd1044334045.html
"Menta, Edouard John",1858 - 1887,,0,1038240840,0,0,http://www.deutsche-biographie.de/pnd1038240840.html
Memnon <Philosophus>,[v4./3. Jh.],,0,102399018,0,0,http://www.deutsche-biographie.de/pnd102399018.html
"Menthon, François de",1900 - 1984,,0,131479814,0,0,http://www.deutsche-biographie.de/pnd131479814.html
"Mendler, Karl",1890-1895[19. Jh.],,0,1044563079,1,0,http://www.deutsche-biographie.de/pnd1044563079.html
"Merbold, Ulf",1941 - ,,0,118809288,1,0,http://www.deutsche-biographie.de/pnd118809288.html
"Menšikov, Aleksandr D.",1673 - 1729,,0,118904949,0,0,http://www.deutsche-biographie.de/pnd118904949.html
"Messerschmid, Ernst",1945 - ,,0,123836174,1,0,http://www.deutsche-biographie.de/pnd123836174.html
"Messerer, Christoph Lorenz",1740-1763[18. Jh.],,0,1033885525,0,0,http://www.deutsche-biographie.de/pnd1033885525.html
Menetor <Historicus>,[v1. Jh.],,0,102399247,0,0,http://www.deutsche-biographie.de/pnd102399247.html
"Merckel, Hannß",1615 - 1615-1685,,0,1024516512,1,0,http://www.deutsche-biographie.de/pnd1024516512.html
"Menager, Nicolas",1658 - 1714,,0,1019731710,1,0,http://www.deutsche-biographie.de/pnd1019731710.html
"Mesching, Edgar",1896,,0,116913460,0,0,http://www.deutsche-biographie.de/pnd116913460.html
"Meny, Theodor",1915 - 2004,,0,1038128250,0,0,http://www.deutsche-biographie.de/pnd1038128250.html
"Menou, René de",1578 - 1651,,0,13332544X,0,0,http://www.deutsche-biographie.de/pnd13332544X.html
"Mengdehl, A. Mara",1949 - 1990,,0,104430281X,1,0,http://www.deutsche-biographie.de/pnd104430281X.html
"Merhof, Johanna",1982 - ,,0,1014364981,1,0,http://www.deutsche-biographie.de/pnd1014364981.html
"Menzinger, Stefanie",1965 - ,,0,120417308,1,0,http://www.deutsche-biographie.de/pnd120417308.html
"Menicucci, Raffaelo",1563 - 1637,,0,138398453,0,0,http://www.deutsche-biographie.de/pnd138398453.html
Menecrates <Samius>,[v4./3. Jh.],,0,102399115,0,0,http://www.deutsche-biographie.de/pnd102399115.html
"Merkle, Regine",1875 - 1903,,0,1012288366,0,0,http://www.deutsche-biographie.de/pnd1012288366.html
"Merritt, Ernest",1865 - 1948,,0,117567752,0,0,http://www.deutsche-biographie.de/pnd117567752.html
,,,0,,0,0,http://www.deutsche-biographie.de/pnd104226455.html
Mendo <de Sousa>,1140 - ,,0,103717786X,0,0,http://www.deutsche-biographie.de/pnd103717786X.html
"Messerer, Ernst",1870 - ,,0,1038596149,0,0,http://www.deutsche-biographie.de/pnd1038596149.html
"Merlen, Theodor van",1600 - ,,0,104472918X,1,0,http://www.deutsche-biographie.de/pnd104472918X.html
"Merlin, Lina",1887 - 1979,,0,119004968,0,0,http://www.deutsche-biographie.de/pnd119004968.html
"Merian, Svende",1955 - ,,0,120882663,1,0,http://www.deutsche-biographie.de/pnd120882663.html
"Mercier, Louis Sébastien",1740 - 1814,,0,118581007,1,0,http://www.deutsche-biographie.de/pnd118581007.html
"Merzenich, Friedel",1879 - 1956,,0,116913355,0,0,http://www.deutsche-biographie.de/pnd116913355.html
"Merzenich, Jakob",1914 - 1995,,0,104433861X,1,0,http://www.deutsche-biographie.de/pnd104433861X.html
"Menninger, Hanns",1937 - ,,0,121808947,0,0,http://www.deutsche-biographie.de/pnd121808947.html
"Merke, Else",1959,,0,126610029,0,0,http://www.deutsche-biographie.de/pnd126610029.html
"Menhart, Georg",1556,,0,1033365572,0,0,http://www.deutsche-biographie.de/pnd1033365572.html
"Merbot, Cunrad",1399,,0,129246220,0,0,http://www.deutsche-biographie.de/pnd129246220.html
Menelaos,-,,0,1019103213,0,0,http://www.deutsche-biographie.de/pnd1019103213.html
,,,0,,0,0,http://www.deutsche-biographie.de/pnd11756737X.html
Menardus <Eisnacensis>,1475,,0,102518688,1,0,http://www.deutsche-biographie.de/pnd102518688.html
"Mertz, Peter",1934 - ,,0,1013103297,0,0,http://www.deutsche-biographie.de/pnd1013103297.html
"Menke-Peitzmeyer, Jörg",1966 - ,,0,1036992098,0,0,http://www.deutsche-biographie.de/pnd1036992098.html
"Meschik, Lukas",1988 - ,,0,137558295,1,0,http://www.deutsche-biographie.de/pnd137558295.html
"Meng, Maria",1895 - 1963,,0,118938479,0,0,http://www.deutsche-biographie.de/pnd118938479.html
"Mende, Juergen",1964 - ,,0,1041865252,0,0,http://www.deutsche-biographie.de/pnd1041865252.html
"Meras, Icchokas",1934 - 2014,,0,124753655,0,0,http://www.deutsche-biographie.de/pnd124753655.html
"Menni, Johann Heinrich",1635,,0,122371143,0,0,http://www.deutsche-biographie.de/pnd122371143.html
"Menck, Peter",1935 - ,,0,122532449,0,0,http://www.deutsche-biographie.de/pnd122532449.html
,,,0,,0,0,http://www.deutsche-biographie.de/pnd129781622.html
"Merklas, Venceslav",1809 - 1866,,0,123882478,1,0,http://www.deutsche-biographie.de/pnd123882478.html
"Merkl, Hilda",1894 - ,,0,1037813448,1,0,http://www.deutsche-biographie.de/pnd1037813448.html
Menelaus <Alexandrinus>,[1.-2. Jh.],,0,119043874,0,0,http://www.deutsche-biographie.de/pnd119043874.html
"Mentzel, O. E.",1823[19. Jh.],,0,1050325966,1,0,http://www.deutsche-biographie.de/pnd1050325966.html
"Menniti Ippolito, Antonio",1960 - ,,0,136038964,0,0,http://www.deutsche-biographie.de/pnd136038964.html
Menecles <Barcaeus>,[v2. Jh.],,0,102399069,0,0,http://www.deutsche-biographie.de/pnd102399069.html
"Meri, Lennart",1929 - 2006,,0,11930063X,0,0,http://www.deutsche-biographie.de/pnd11930063X.html
"Meschenmoser, Hildegard",1883 - 1963,,0,143027549,1,0,http://www.deutsche-biographie.de/pnd143027549.html
"Menzel, Donald Howard",1901 - 1976,,0,121004791,0,0,http://www.deutsche-biographie.de/pnd121004791.html
,,,0,,0,0,http://www.deutsche-biographie.de/pnd130684252.html
"Mersich, Günther",1960 - 1986,,0,1044334703,1,0,http://www.deutsche-biographie.de/pnd1044334703.html
,,,0,,0,0,http://www.deutsche-biographie.de/pnd133275566.html
"Mesch, Stefan",1983 - ,,0,135956846,1,0,http://www.deutsche-biographie.de/pnd135956846.html
"Mengein, Johann Baptist",1793 - 1858,,0,1044304103,1,0,http://www.deutsche-biographie.de/pnd1044304103.html
,,,0,,0,0,http://www.deutsche-biographie.de/pnd124106250.html
"Mer, Marc",1961 - ,,0,119146231,0,0,http://www.deutsche-biographie.de/pnd119146231.html
"Mendoza de la Cerda, Ana",1540 - 1592,,0,12431032X,0,0,http://www.deutsche-biographie.de/pnd12431032X.html
"Menapace, Klaus",1954 - 1990,,0,133685799,0,0,http://www.deutsche-biographie.de/pnd133685799.html
"Merkel, Hans W...",1979,,0,116893222,0,0,http://www.deutsche-biographie.de/pnd116893222.html
"Menshengen, Ferdinand von",1700 - 1756,,0,124358748,0,0,http://www.deutsche-biographie.de/pnd124358748.html
Shemuʾel ben Meʾir,1080 - 1158,,0,100961754,0,0,http://www.deutsche-biographie.de/pnd100961754.html
"Sidur, Vadim A.",1924 - 1986,,0,119059053,0,0,http://www.deutsche-biographie.de/pnd119059053.html
"Siebenhaar, Klaus",1952 - ,,0,115383204,1,0,http://www.deutsche-biographie.de/pnd115383204.html
"Siemer, Josef",1906 - -1963,,0,103060052X,0,0,http://www.deutsche-biographie.de/pnd103060052X.html
"Siccama, Abel",1810 - ,,0,1046306685,1,0,http://www.deutsche-biographie.de/pnd1046306685.html
,,,0,,0,0,http://www.deutsche-biographie.de/pnd118796917.html
"Seyppel, Hans",1909 - 1933,,0,125865201,1,0,http://www.deutsche-biographie.de/pnd125865201.html
Siegfried <von Truhendingen>,1150,,0,138966141,0,0,http://www.deutsche-biographie.de/pnd138966141.html
"Siemens, Friedr.",1913,,0,127845917,0,0,http://www.deutsche-biographie.de/pnd127845917.html
"Siebert, Horst",1939 - ,,0,120272814,1,0,http://www.deutsche-biographie.de/pnd120272814.html
Siegmund <von Prustat>,[15. Jh.],,0,100965245,0,0,http://www.deutsche-biographie.de/pnd100965245.html
"Seyerlein, Andreas Louis",1960 - ,,0,137939914,1,0,http://www.deutsche-biographie.de/pnd137939914.html
"Sibṭ-Ibn-al-Ǧauzī, Yūsuf Ibn-Qiz-Uġlū",1185 - 1256,,0,102415528,1,0,http://www.deutsche-biographie.de/pnd102415528.html
,,,0,,0,0,http://www.deutsche-biographie.de/pnd128700890.html
"Shenouda <III., Alexandria, Patriarch>",1923 - 2012,,0,119056321,1,0,http://www.deutsche-biographie.de/pnd119056321.html
,,,0,,0,0,http://www.deutsche-biographie.de/pnd122068343.html
"Seymen, Seren",1960 - 1983,,0,1048624617,0,0,http://www.deutsche-biographie.de/pnd1048624617.html
"Shire, David",1937 - ,,0,122550374,1,0,http://www.deutsche-biographie.de/pnd122550374.html
"Siepen, Bernhard",1885 - 1965,,0,117372676,1,0,http://www.deutsche-biographie.de/pnd117372676.html
,,,0,,0,0,http://www.deutsche-biographie.de/pnd120054876.html
"Short, Kenneth R. M.",1936 - 2007,,0,120283468,0,0,http://www.deutsche-biographie.de/pnd120283468.html
"Siegfried, Alfred",1820 - ,,0,133986861,0,0,http://www.deutsche-biographie.de/pnd133986861.html
"Siegert, Wilhelm",1872 - 1929,,0,117629332,1,0,http://www.deutsche-biographie.de/pnd117629332.html
Sigefridus <Gorziensis>,[um 1040],,0,100960650,0,0,http://www.deutsche-biographie.de/pnd100960650.html
"Seyfriedt, Leonhard",1638 - 1686,,0,142493279,1,0,http://www.deutsche-biographie.de/pnd142493279.html
"Sieger, Kurt Heinz",1917 - 2002,,0,128449551,1,0,http://www.deutsche-biographie.de/pnd128449551.html
Sigmund <Pfinzing>,1438,,0,1019743638,0,0,http://www.deutsche-biographie.de/pnd1019743638.html
"Shteyngart, Gary",1972 - ,,0,125000162,1,0,http://www.deutsche-biographie.de/pnd125000162.html
"Siepmann, André",1962 - ,,0,104291561X,0,0,http://www.deutsche-biographie.de/pnd104291561X.html
"Seymour, Edward",1506 - 1552,,0,1012455653,1,0,http://www.deutsche-biographie.de/pnd1012455653.html
"Sherlock, William",1641 - 1707,,0,12994498X,0,0,http://www.deutsche-biographie.de/pnd12994498X.html
"Siepmann, Helga",1939 - ,,0,1044878886,0,0,http://www.deutsche-biographie.de/pnd1044878886.html
Shinkei,1406 - 1475,,0,118765051,0,0,http://www.deutsche-biographie.de/pnd118765051.html
"Siebert, Christine",1966 - ,,0,1048626954,1,0,http://www.deutsche-biographie.de/pnd1048626954.html
"Siebert, Patrick",1985 - ,,0,102863885X,1,0,http://www.deutsche-biographie.de/pnd102863885X.html
"Sforza, Giovanni",1466 - 1510,,0,129069892,0,0,http://www.deutsche-biographie.de/pnd129069892.html
"Siefener, Michael",1961 - ,,0,120792478,1,0,http://www.deutsche-biographie.de/pnd120792478.html
"Shepherd, Thomas Hosmer",1793 - 1840,,0,1046306065,1,0,http://www.deutsche-biographie.de/pnd1046306065.html
"Sherlock, Thomas",1678 - 1761,,0,100406602,1,0,http://www.deutsche-biographie.de/pnd100406602.html
"Sieber, Christoph",1970 - ,,0,132240130,0,0,http://www.deutsche-biographie.de/pnd132240130.html
"Shirayamadani, Kataro",1865 - 1948,,0,1033928038,1,0,http://www.deutsche-biographie.de/pnd1033928038.html
"Sieren, Frank",1967 - ,,0,129793892,1,0,http://www.deutsche-biographie.de/pnd129793892.html
"Shelley, Percy Bysshe",1792 - 1822,,0,118613774,0,0,http://www.deutsche-biographie.de/pnd118613774.html
"Jirásek, Alois",1851 - 1930,,0,118557548,0,0,http://www.deutsche-biographie.de/pnd118557548.html
"Joachimson, Felix",1902 - 1992,,0,11714052X,1,0,http://www.deutsche-biographie.de/pnd11714052X.html
"Jenisch, Paul",1578 - 1631,,0,138155585,1,0,http://www.deutsche-biographie.de/pnd1019740833.html
"Jenkins, Roy",1920 - 2003,,0,119202328,0,0,http://www.deutsche-biographie.de/pnd119202328.html
"Jesse, Nico",1911 - 1976,,0,128538023,0,0,http://www.deutsche-biographie.de/pnd128538023.html
"Johann Günther <III., Schwarzburg-Arnstadt, Graf>",1654 - 1669,,0,104235195,1,0,http://www.deutsche-biographie.de/pnd104235195.html
"Jessen, Jens",1919 - 1990,,0,122779185,0,0,http://www.deutsche-biographie.de/pnd122779185.html
"Jessup, Philip C.",1897 - 1986,,0,118776177,0,0,http://www.deutsche-biographie.de/pnd118776177.html
Johannes <Besuensis>,[gest. ca. 1125],,0,100948480,0,0,http://www.deutsche-biographie.de/pnd100948480.html
"Jobst, Hanns",1903 - 1946,,0,117140759,1,0,http://www.deutsche-biographie.de/pnd117140759.html
,,,0,,0,0,http://www.deutsche-biographie.de/pnd142594350.html
"Jenkins, Billy",1885 - 1954,,0,118602756,1,0,http://www.deutsche-biographie.de/pnd118602756.html
"Joachim Carl <Braunschweig-Lüneburg, Herzog>",1573 - 1615,,0,122910419,0,0,http://www.deutsche-biographie.de/pnd122910419.html
,,,0,,0,0,http://www.deutsche-biographie.de/pnd120360500.html
"Jobst, Lisa",1920 - 2005,,0,112612091,1,0,http://www.deutsche-biographie.de/pnd112612091.html
Johannes <Antiochenus>,[428/441],,0,100948359,0,0,http://www.deutsche-biographie.de/pnd100948359.html
,,,0,,0,0,http://www.deutsche-biographie.de/pnd12038275X.html
Johannes <Caballinus de Cerronibus>,1300 - 1349,,0,11912730X,0,0,http://www.deutsche-biographie.de/pnd11912730X.html
"Joerdens, Felix A...",1828 - 1883,,0,117148652,0,0,http://www.deutsche-biographie.de/pnd117148652.html
Johann <Tetzel>,[15.Jh.-],,0,1019749598,0,0,http://www.deutsche-biographie.de/pnd1019749598.html
Johannes <Camaterus>,[gest. 1206],,0,100951090,0,0,http://www.deutsche-biographie.de/pnd100951090.html
"Jentsch, Rudolf",1905 - 1984,,0,1030421501,0,0,http://www.deutsche-biographie.de/pnd1030421501.html
Johannes <Ashuvarbi>,[um 1380/90],,0,102519447,0,0,http://www.deutsche-biographie.de/pnd102519447.html
Johannes <Abrivacensis>,[um 1231],,0,102575010,0,0,http://www.deutsche-biographie.de/pnd102575010.html
"Jensen, Nils",1947 - ,,0,120011921,1,0,http://www.deutsche-biographie.de/pnd120011921.html
"Jenkins, Henry",1501 - 1670,,0,1026998468,0,0,http://www.deutsche-biographie.de/pnd1026998468.html
Johannes <Bloxham>,[gest. 1334],,0,10252033X,0,0,http://www.deutsche-biographie.de/pnd10252033X.html
,,,0,,0,0,http://www.deutsche-biographie.de/pnd100948375.html
"Jentsch, Julia",1978 - ,,0,130318213,1,0,http://www.deutsche-biographie.de/pnd130318213.html
"Jentzsch, Johanna Susanna",1675 - 1736,,0,1019765038,1,0,http://www.deutsche-biographie.de/pnd1019765038.html
Johannes <Cluniacensis>,[um 945],,0,100948685,0,0,http://www.deutsche-biographie.de/pnd100948685.html
"Jenner, Otmar",1958 - ,,0,120459280,1,0,http://www.deutsche-biographie.de/pnd120459280.html
"Jilovský, Georg",1884 - 1959,,0,129224898,0,0,http://www.deutsche-biographie.de/pnd129224898.html
"Joel, Billy",1949 - ,,0,118557653,0,0,http://www.deutsche-biographie.de/pnd118557653.html
"Jerusalem, Else",1877 - 1942,,0,119145146,0,0,http://www.deutsche-biographie.de/pnd119145146.html
Johannes <Bakel de Diest>,[um 1429],,0,102519811,0,0,http://www.deutsche-biographie.de/pnd102519811.html
"Johann Aloys <I., Oettingen-Spielberg, Fürst>",1707 - 1780,,0,132834510,0,0,http://www.deutsche-biographie.de/pnd132834510.html
"Johannes <Camaterus, Astronomus>",[um 1183],,0,102827753,0,0,http://www.deutsche-biographie.de/pnd102827753.html
Johannes <Cochinger>,[um 1350],,0,102521131,0,0,http://www.deutsche-biographie.de/pnd102521131.html
"Jerobeam <I., Israel, König>",-,,0,118557416,0,0,http://www.deutsche-biographie.de/pnd118557416.html
"Johann Wilhelm <Sachsen-Weimar, Herzog, 1630-1639>",1630 - 1639,,0,120065053,0,0,http://www.deutsche-biographie.de/pnd120065053.html
Joachim <de Flore>,1132 - 1202,,0,118557564,0,0,http://www.deutsche-biographie.de/pnd118557564.html
"Jez, Thomas",1966 - ,,0,104216651X,1,0,http://www.deutsche-biographie.de/pnd104216651X.html
"Jenkins, Paul",1923 - 2012,,0,118712020,1,0,http://www.deutsche-biographie.de/pnd118712020.html
Johann <von Posen>,[um 1361/66],,0,10257457X,0,0,http://www.deutsche-biographie.de/pnd10257457X.html
Joachim <Biblische Person>,[v1. Jh. - 1. Jh.],,0,118712160,0,0,http://www.deutsche-biographie.de/pnd118712160.html
Johann <von Sachsen>,[um 1392/1409],,0,102571813,0,0,http://www.deutsche-biographie.de/pnd102571813.html
Johannes <Alexandrinus>,[7. Jh. (Medicus)],,0,100948308,0,0,http://www.deutsche-biographie.de/pnd100948308.html
"Jesenská, Milena",1896 - 1944,,0,118557467,1,0,http://www.deutsche-biographie.de/pnd118557467.html
"Jessewitsch, Rolf",1954 - ,,0,121135748,0,0,http://www.deutsche-biographie.de/pnd121135748.html
Jens,-,,0,143115367,0,0,http://www.deutsche-biographie.de/pnd143115367.html
,,,0,,0,0,http://www.deutsche-biographie.de/pnd174226381.html
"Jensen, Harro",1901 - 1994,,0,117713589,0,0,http://www.deutsche-biographie.de/pnd117713589.html
Johannes <Castellanus>,[um 1373/87],,0,104107359,0,0,http://www.deutsche-biographie.de/pnd104107359.html
Johannes <Consobrinus>,[gest. 1475 bzw. 1486 (Rep.Font.)],,0,102521158,0,0,http://www.deutsche-biographie.de/pnd102521158.html
"Jewsbury, Maria J.",1800 - 1833,,0,119006170,0,0,http://www.deutsche-biographie.de/pnd119006170.html
Johannes <Contractus>,[um 1373],,0,102521166,0,0,http://www.deutsche-biographie.de/pnd102521166.html
"Johann Adolf <Anhalt-Zerbst, Fürst>",1654 - 1726,,0,102356661,0,0,http://www.deutsche-biographie.de/pnd102356661.html
Johann <von Ringgenberg>,[um 1291/1350],,0,101240910,0,0,http://www.deutsche-biographie.de/pnd101240910.html
"Jessen, Edwin",1833 - 1921,,0,101288298,1,0,http://www.deutsche-biographie.de/pnd101288298.html
Johannes <Amalfitanus>,[10./11. Jh.],,0,102519544,0,0,http://www.deutsche-biographie.de/pnd102519544.html
Joan <Bălgarski>,930,,0,118712187,0,0,http://www.deutsche-biographie.de/pnd118712187.html
"Jensen, Anders Thomas",1972 - ,,0,137246455,0,0,http://www.deutsche-biographie.de/pnd137246455.html
Johannes <Brehallus>,[um 1443/78],,0,10410886X,0,0,http://www.deutsche-biographie.de/pnd10410886X.html
,,,0,,0,0,http://www.deutsche-biographie.de/pnd119723557.html
Johannes <Cameniata>,[875] - ,,0,118557874,0,0,http://www.deutsche-biographie.de/pnd118557874.html
Johannes <Cruczeburg>,1355 - 1423,,0,119547694,0,0,http://www.deutsche-biographie.de/pnd119547694.html
"Joeres, Dirk",1947 - ,,0,134566432,1,0,http://www.deutsche-biographie.de/pnd134566432.html
Johann <von Bopfingen>,[um 1343/76],,0,102574529,0,0,http://www.deutsche-biographie.de/pnd102574529.html
"Joerden, Jan C.",1953 - ,,0,110639561,0,0,http://www.deutsche-biographie.de/pnd110639561.html
Jobin <Magister>,[Person des Mittelalters],,0,10257443X,0,0,http://www.deutsche-biographie.de/pnd10257443X.html
"Jensen, Hans",1886 - 1972,,0,1012275957,1,0,http://www.deutsche-biographie.de/pnd1012275957.html
"Jiang, Jieshi",1887 - 1975,,0,11867580X,1,0,http://www.deutsche-biographie.de/pnd11867580X.html
Job <Antiochenus>,[gest. ca. 842],,0,102511098,0,0,http://www.deutsche-biographie.de/pnd102511098.html
"Johann <IV., Portugal, König>",1604 - 1656,,0,119308169,1,0,http://www.deutsche-biographie.de/pnd119308169.html
,,,0,,0,0,http://www.deutsche-biographie.de/pnd1019606304.html
"Jenks, Edward",1861 - 1939,,0,117615153,0,0,http://www.deutsche-biographie.de/pnd117615153.html
,,,0,,0,0,http://www.deutsche-biographie.de/pnd119244071.html
Johannes <Burensis>,[gest. ca. 1460],,0,102521018,0,0,http://www.deutsche-biographie.de/pnd102521018.html
,,,0,,0,0,http://www.deutsche-biographie.de/pnd104190426.html
"Job, Stefanie",1909 - ,,0,104917139X,1,0,http://www.deutsche-biographie.de/pnd104917139X.html
"Jentzsch, Hans Gabriel",1862 - 1930,,0,1028793960,0,0,http://www.deutsche-biographie.de/pnd1028793960.html
"Jenkins, Clive",1926 - ,,0,118988026,0,0,http://www.deutsche-biographie.de/pnd118988026.html
Johannes <Collede Erfordiensis>,[gest. 1471],,0,10252114X,0,0,http://www.deutsche-biographie.de/pnd10252114X.html
"Jerofke, Bernd Klaus",-,,0,111251710,1,0,http://www.deutsche-biographie.de/pnd111251710.html
"Jens, Inge",1927 - ,,0,11920178X,1,0,http://www.deutsche-biographie.de/pnd11920178X.html
,,,0,,0,0,http://www.deutsche-biographie.de/pnd120459108.html
,,,0,,0,0,http://www.deutsche-biographie.de/pnd100860958.html
"Jertz, Mia",1924 - ,,0,10568905X,0,0,http://www.deutsche-biographie.de/pnd10568905X.html
Johann <von Guben>,[gest. ca. 1387],,0,102574553,0,0,http://www.deutsche-biographie.de/pnd102574553.html
"Jirgal, Ernst",1905 - 1956,,0,117128279,1,0,http://www.deutsche-biographie.de/pnd117128279.html
"Johanna <Frankreich, Königin, 1464-1505>",1464 - 1505,,0,120574071,0,0,http://www.deutsche-biographie.de/pnd120574071.html
"Joachimi, Paul",1909 - 1993,,0,125593929,0,0,http://www.deutsche-biographie.de/pnd125593929.html
"Johann, Klaus-Dieter",1940 - ,,0,1042168067,0,0,http://www.deutsche-biographie.de/pnd1042168067.html
"Jens, Tina Viola",1956 - ,,0,120719673,0,0,http://www.deutsche-biographie.de/pnd120719673.html
Johannes <Boninsegna>,ca. ca. 15. Jh.,,0,104107308,0,0,http://www.deutsche-biographie.de/pnd104107308.html
"Joachimsthal-Schwabe, Anna",1892 - 1937,,0,172175461,0,0,http://www.deutsche-biographie.de/pnd172175461.html
"Jernej, Norbert",1958 - ,,0,1042164851,1,0,http://www.deutsche-biographie.de/pnd1042164851.html
"Jochimsen, Jess",1970 - ,,0,122368517,1,0,http://www.deutsche-biographie.de/pnd122368517.html
"Jestl, Alfons",1956 - ,,0,12844889X,0,0,http://www.deutsche-biographie.de/pnd12844889X.html
Johannes <Catraras>,[14. Jh.],,0,100948634,0,0,http://www.deutsche-biographie.de/pnd100948634.html
"Joachim Ernst <Öttingen, Graf>",1612 - 1659,,0,128469536,0,0,http://www.deutsche-biographie.de/pnd128469536.html
Johannes <Bartscherer>,[um 1400],,0,102574642,0,0,http://www.deutsche-biographie.de/pnd102574642.html
"Johannes <Anglicus, OFM>",[um 1344/50],,0,102519587,0,0,http://www.deutsche-biographie.de/pnd102519587.html
"Jickeli, Karl F.",1902,,0,127750916,0,0,http://www.deutsche-biographie.de/pnd127750916.html
Johannes <Crastonus>,[um 1475/92],,0,100948731,0,0,http://www.deutsche-biographie.de/pnd100948731.html
"Joffre, Joseph",1852 - 1931,,0,118776231,1,0,http://www.deutsche-biographie.de/pnd118776231.html
Johannes <Agnelli>,1296,,0,102519471,0,0,http://www.deutsche-biographie.de/pnd102519471.html
Johannes <Bellovacensis>,[14. Jh.],,0,100948464,0,0,http://www.deutsche-biographie.de/pnd100948464.html
Johannes <Dalderby>,[gest. 1320],,0,104107383,0,0,http://www.deutsche-biographie.de/pnd104107383.html
Johannes <Bonus>,1168 - 1249,,0,128495073,0,0,http://www.deutsche-biographie.de/pnd128495073.html
"Jiménez Aranda, Luis",1845 - 1928,,0,123269539,0,0,http://www.deutsche-biographie.de/pnd123269539.html
Johannes <Bromiardus>,"[gest. ca. 1390, bzw. ca. 1409]",,0,100948510,0,0,http://www.deutsche-biographie.de/pnd100948510.html
Johann <von Bodman>,[um 1376],,0,102574510,0,0,http://www.deutsche-biographie.de/pnd102574510.html
"Jerome, Jerome K.",1859 - 1927,,0,117115517,0,0,http://www.deutsche-biographie.de/pnd117115517.html
,,,0,,0,0,http://www.deutsche-biographie.de/pnd132070251.html
Johannes <Charax>,[6. Jh.],,0,100948642,0,0,http://www.deutsche-biographie.de/pnd100948642.html
"Jenny, Heinrich",1824 - 1891,,0,1034038133,0,0,http://www.deutsche-biographie.de/pnd1034038133.html
"Jessen, Heinrich",1842-1860,,0,129837164,0,0,http://www.deutsche-biographie.de/pnd129837164.html
"Jensen, Marcus",1967 - ,,0,121383415,1,0,http://www.deutsche-biographie.de/pnd121383415.html
"Joe͏̈l, Günther",1899 - 1986,,0,105711004,0,0,http://www.deutsche-biographie.de/pnd105711004.html
"Jirgl, Reinhard",1953 - ,,0,115670793,1,0,http://www.deutsche-biographie.de/pnd115670793.html
"Jochmus, Karl Heinrich Theodor",1793 - 1831,,0,122544846,0,0,http://www.deutsche-biographie.de/pnd122544846.html
Johannes <Cervantes>,1382 - 1453,,0,104107367,0,0,http://www.deutsche-biographie.de/pnd104107367.html
Johannes <Constantinopolitanus>,[9./11. Jh.],,0,100948715,0,0,http://www.deutsche-biographie.de/pnd100948715.html
"Jochum, Maria",1903 - 1984,,0,117146579,0,0,http://www.deutsche-biographie.de/pnd117146579.html
Joel <Chronographus>,[13. Jh.],,0,100948219,0,0,http://www.deutsche-biographie.de/pnd100948219.html
"Johann Jakob <Salzburg, Erzbischof>",1515 - 1586,,0,124670571,0,0,http://www.deutsche-biographie.de/pnd124670571.html
"Jensen, Johan Laurentz",1800 - 1856,,0,11710437X,0,0,http://www.deutsche-biographie.de/pnd11710437X.html
,,,0,,0,0,http://www.deutsche-biographie.de/pnd153704845.html
"Jobes, Claus Carl",1948 - ,,0,1042167575,0,0,http://www.deutsche-biographie.de/pnd1042167575.html
"Jensen, Fritz",1903 - 1955,,0,119008971,0,0,http://www.deutsche-biographie.de/pnd119008971.html
"Jockusch, Horst",1925 - 2014,,0,174366248,1,0,http://www.deutsche-biographie.de/pnd174366248.html
"Johann Ludwig <I., Anhalt-Zerbst, Fürst>",1656 - 1704,,0,102367639,1,0,http://www.deutsche-biographie.de/pnd102367639.html
Johannes <Berardus>,[um 1182],,0,100948472,0,0,http://www.deutsche-biographie.de/pnd100948472.html
"Jentzen, Friedrich",1804 - 1875,,0,117615463,1,0,http://www.deutsche-biographie.de/pnd117615463.html
"Joerden, Rudolf",1901 - ,,0,117148601,0,0,http://www.deutsche-biographie.de/pnd117148601.html
,,,0,,0,0,http://www.deutsche-biographie.de/pnd108348032.html
"Joendl, Johann Philipp",1782 - 1870,,0,122285999,1,0,http://www.deutsche-biographie.de/pnd122285999.html
,,,0,,0,0,http://www.deutsche-biographie.de/pnd133028216.html
"Jentsch, Hans-Joachim",1937 - ,,0,122518446,0,0,http://www.deutsche-biographie.de/pnd122518446.html
"Johann, Klaus",1968 - ,,0,140999744,0,0,http://www.deutsche-biographie.de/pnd140999744.html
Johannes <Canaparius>,1004,,0,100948596,1,0,http://www.deutsche-biographie.de/pnd100948596.html
Joachim I. <Kurfürst von Brandenburg>,1528,,0,119721821,0,0,http://www.deutsche-biographie.de/pnd119721821.html
"Johannes <Abbas, OSB>",[um 940],,0,102519404,0,0,http://www.deutsche-biographie.de/pnd102519404.html
"Jeschke, Mathias",1963 - ,,0,120780291,1,0,http://www.deutsche-biographie.de/pnd120780291.html
Johannes <Climacus>,[575] - [650],,0,118558048,0,0,http://www.deutsche-biographie.de/pnd118558048.html
Johann <Tucher>,1368 - 1425,,0,1019759526,1,0,http://www.deutsche-biographie.de/pnd1019759526.html
Johannes <Britton>,[ca. 14. Jh.],,0,102520984,0,0,http://www.deutsche-biographie.de/pnd102520984.html
,,,0,,0,0,http://www.deutsche-biographie.de/pnd118712276.html
"Jetzer, Franziska",1931 - ,,0,1042165971,0,0,http://www.deutsche-biographie.de/pnd1042165971.html
"Jentsch, Johanna Susanna",1675 - 1735,,0,142970239,1,0,http://www.deutsche-biographie.de/pnd142970239.html
"Jeschke, Rosemarie",1937 - ,,0,1042165270,0,0,http://www.deutsche-biographie.de/pnd1042165270.html
"Jennings, Ivor",1903 - 1965,,0,105861715,0,0,http://www.deutsche-biographie.de/pnd105861715.html
Johannes <Aegeates>,[5. Jh.],,0,102396221,0,0,http://www.deutsche-biographie.de/pnd102396221.html
"Jeschonek, Kurt",1922 - ,,0,1049497791,0,0,http://www.deutsche-biographie.de/pnd1049497791.html
"Jersey, Sarah Sophia Child-Villiers",1785 - 1867,,0,103410408X,1,0,http://www.deutsche-biographie.de/pnd103410408X.html
"Jobst, Herbert",1915 - 1990,,0,118557572,1,0,http://www.deutsche-biographie.de/pnd118557572.html
Johannes <Calderinus>,1300 - 1365,,0,100948545,0,0,http://www.deutsche-biographie.de/pnd100948545.html
"Jentsch, Louise",1924 - ,,0,1046141325,1,0,http://www.deutsche-biographie.de/pnd1046141325.html
"Joeckle, Andra",1967 - ,,0,124061893,0,0,http://www.deutsche-biographie.de/pnd124061893.html
"Jeziorkowski, Klaus",1935 - 2009,,0,172168902,1,0,http://www.deutsche-biographie.de/pnd172168902.html
"Jess, Hartwig",1876 - ,,0,117122955,1,0,http://www.deutsche-biographie.de/pnd117122955.html
"Johann Friedrich <Anhalt-Zerbst, Fürst>",1695 - 1742,,0,132951126,0,0,http://www.deutsche-biographie.de/pnd132951126.html
"Jepson, Helen",1904 - 1997,,0,135476631,0,0,http://www.deutsche-biographie.de/pnd135476631.html
"Jenssen, Christian",1905 - 1996,,0,117104949,1,0,http://www.deutsche-biographie.de/pnd117104949.html
"Jenkins, Karl",1944 - ,,0,133683362,0,0,http://www.deutsche-biographie.de/pnd133683362.html
"Johannes <Antiochenus, Chronista>",ca. 7. Jh.,,0,118902733,0,0,http://www.deutsche-biographie.de/pnd118902733.html
"Jenner, Dagmar Verena",1976 - ,,0,1042049947,1,0,http://www.deutsche-biographie.de/pnd1042049947.html
Johannes <Archaph>,[3./4. Jh.],,0,102388113,0,0,http://www.deutsche-biographie.de/pnd102388113.html
"Jenisch, Paul",1558 - 1647,,0,117101915,1,0,http://www.deutsche-biographie.de/pnd117101915.html
Johannes <Beccus>,1235 - 1297,,0,100948413,0,0,http://www.deutsche-biographie.de/pnd100948413.html
Johannes <Christophori de Saxonia>,[um 1240 bzw. 1335],,0,102521107,0,0,http://www.deutsche-biographie.de/pnd102521107.html
Johannes <Brompton>,[um 1436],,0,100970788,0,0,http://www.deutsche-biographie.de/pnd100970788.html
"Johann Anton <I., Eichstätt, Bischof>",-,,0,118911767,0,0,http://www.deutsche-biographie.de/pnd118911767.html
Johann <Bauer>,-,,0,1019761555,0,0,http://www.deutsche-biographie.de/pnd1019761555.html
Johannes <Carmelita>,[um 1398/1402],,0,104107340,0,0,http://www.deutsche-biographie.de/pnd104107340.html
"Johann Franz <Brixen, Bischof>",1649 - 1702,,0,122215206,0,0,http://www.deutsche-biographie.de/pnd122215206.html
"Johanna <Sachsen-Gotha, Prinzessin>",1645 - 1657,,0,124694071,1,0,http://www.deutsche-biographie.de/pnd124694071.html
"Johann Friedrich <Württemberg, Herzog>",1637 - 1659,,0,123889456,0,0,http://www.deutsche-biographie.de/pnd123889456.html
"Jin, Jing",-,,0,1022828592,0,0,http://www.deutsche-biographie.de/pnd1022828592.html
"Johan Ludwig <Sayn-Wittgenstein-Hohenstein, Graf zu>",1756-1796,,0,140581340,0,0,http://www.deutsche-biographie.de/pnd140581340.html
"Jenkner, Marina",1980 - ,,0,13238888X,0,0,http://www.deutsche-biographie.de/pnd13238888X.html
Jobst <Tetzel>,1477,,0,1019759968,1,0,http://www.deutsche-biographie.de/pnd1019759968.html
"Jenkins, Francis A.",1899 - 1960,,0,139745483,0,0,http://www.deutsche-biographie.de/pnd139745483.html
Johannes <Capreolus>,1380 - 1444,,0,118667025,0,0,http://www.deutsche-biographie.de/pnd118667025.html
"Jochum, Uwe",1959 - ,,0,134643623,0,0,http://www.deutsche-biographie.de/pnd136120679.html
"Jensen, Christian Albrecht",1792 - 1870,,0,118983598,0,0,http://www.deutsche-biographie.de/pnd118983598.html
Johannes <Blancus>,[gest. ca. 1269],,0,100967086,0,0,http://www.deutsche-biographie.de/pnd100967086.html
Johannes <Citri Episcopus>,[13.Jh.],,0,10250928X,0,0,http://www.deutsche-biographie.de/pnd10250928X.html
Job <Monachus>,[6. Jh.],,0,100948197,0,0,http://www.deutsche-biographie.de/pnd100948197.html
"Jindra, Jan",1962 - ,,0,133062708,0,0,http://www.deutsche-biographie.de/pnd133062708.html
"Jetzelsberger, Anny",1908 - ,,0,1048759407,0,0,http://www.deutsche-biographie.de/pnd1048759407.html
"Johann <III., Henneberg, Graf>",1503 - 1541,,0,124223443,1,0,http://www.deutsche-biographie.de/pnd124223443.html
"Jentsch, Walter",1900 - 1979,,0,117739863,0,0,http://www.deutsche-biographie.de/pnd117739863.html
Johannes <Apocaucus>,[1150/60 - 1232/35],,0,100948367,0,0,http://www.deutsche-biographie.de/pnd100948367.html
"Jerichau-Baumann, Elisabeth Maria Anna",1819 - 1881,,0,117105554,1,0,http://www.deutsche-biographie.de/pnd117105554.html
Johannes <Danck de Saxonia>,[um 1323/55],,0,102420947,0,0,http://www.deutsche-biographie.de/pnd102420947.html
Johan <Esteve>,ca. um 1270/89,,0,119001950,0,0,http://www.deutsche-biographie.de/pnd119001950.html
"Joanes, Joan de",1510 - 1579,,0,122649109,0,0,http://www.deutsche-biographie.de/pnd122649109.html
Johannes <Balloce>,[um 1300],,0,100965644,0,0,http://www.deutsche-biographie.de/pnd100965644.html
,,,0,,0,0,http://www.deutsche-biographie.de/pnd12126100X.html
"Joger, Sephhard",1830,,0,1049413067,0,0,http://www.deutsche-biographie.de/pnd1049413067.html
"Jeschek, Hedwig",1921 - ,,0,1042165130,0,0,http://www.deutsche-biographie.de/pnd1042165130.html
"Jentzsch, Johann Jacob",1692,,0,132122502,0,0,http://www.deutsche-biographie.de/pnd132122502.html
"Jerndahl, Aron",1858 - 1936,,0,1021998311,1,0,http://www.deutsche-biographie.de/pnd1021998311.html
"Jirak, Peter",1939 - ,,0,172175453,0,0,http://www.deutsche-biographie.de/pnd172175453.html
"Joanvahrs, Emerich",1773-1841,,0,1042166854,1,0,http://www.deutsche-biographie.de/pnd1042166854.html
Johannes <Beverlacensis>,[ca 640-721],,0,102520917,0,0,http://www.deutsche-biographie.de/pnd102520917.html
"Jlgenstein, Heinrich",1919,,0,126489556,0,0,http://www.deutsche-biographie.de/pnd126489556.html
"Joeden, Margarete von",1882 - 1914,,0,11714777X,0,0,http://www.deutsche-biographie.de/pnd11714777X.html
Johannes <Alou>,[um 1392/1437],,0,104107278,0,0,http://www.deutsche-biographie.de/pnd104107278.html
"Joel, Hans Theodor",1892 - 1935,,0,136567312,0,0,http://www.deutsche-biographie.de/pnd136567312.html
Johannes <Abbas>,[12. Jh.],,0,102519390,0,0,http://www.deutsche-biographie.de/pnd102519390.html
Jesus Christus,-,,0,118557513,0,0,http://www.deutsche-biographie.de/pnd118557513.html
"Jensen, Uwe Jens",1941 - 1997,,0,104216407X,1,0,http://www.deutsche-biographie.de/pnd104216407X.html
Johannes <Blundus>,1185 - 1248,,0,100948499,0,0,http://www.deutsche-biographie.de/pnd100948499.html
Johannes <Constantiensis>,[11./12. Jh.],,0,100948707,0,0,http://www.deutsche-biographie.de/pnd100948707.html
,,,0,,0,0,http://www.deutsche-biographie.de/pnd119184702.html
